path,elapsed_s,E_x,E_y,E_z,G_yz,G_xz,G_xy,nu_xy,nu_xz,nu_yz,A_zener,K_voigt,C_xx_xx,C_xx_yy,C_xx_zz,C_xx_yz,C_xx_xz,C_xx_xy,C_yy_yy,C_yy_zz,C_yy_yz,C_yy_xz,C_yy_xy,C_zz_zz,C_zz_yz,C_zz_xz,C_zz_xy,C_yz_yz,C_yz_xz,C_yz_xy,C_xz_xz,C_xz_xy,C_xy_xy,converged,max_iters_used
structures/rtp/0_axis-z.npy,1632.0,52.337105127951574,26.478865860309643,28.718473223648868,10.378735418485423,13.959908330505469,12.83784178726529,0.3761477967968435,0.39136890377885186,0.2961936077699318,0.5308206797534896,27.94909091359232,67.76703235833169,19.18561966786125,20.73622311906232,0.9544132390304204,-0.7915271792451027,-1.2951463941643366,34.93658047602174,15.410688710116696,1.8484234531892936,-0.3997992296983239,-0.6251314684429836,38.17314239389692,1.2289415410063562,0.0061279043079208485,-0.46141867646656465,10.501823093826733,-0.405129659569431,-0.36830681619611894,14.007843824769024,0.5345303504189671,12.894009253870163,True,145
structures/rtp/100_axis-z.npy,1680.7,56.56045289641224,32.04233399013161,29.99467828758295,13.92059735877547,15.437074805147088,15.370254625495738,0.37342429901367624,0.3967700682165753,0.3753588372600179,0.6091054368298848,34.2235509921873,76.08875673688574,25.50442484773872,24.982808206765718,0.4318025085627641,-1.2437111620934862,0.7786180390097143,45.4878903915153,21.33962698164666,0.7382771182626438,-0.5891623234243621,0.3865901204955761,42.78159172898246,-0.028140485223770113,-0.9672256012375742,-0.022711931844787547,13.949913388780717,-0.10842481876936547,-0.4192124548788432,15.477544911177596,0.3928233130690963,15.405595786043387,True,145
structures/rtp/101_axis-z.npy,1650.4,54.94624198439624,30.60219502082915,26.6454419240847,12.489818117348237,13.624195330026117,14.702922708715942,0.37649581065046756,0.3923821955256027,0.3989295035790784,0.6108559548310298,32.199980945806914,73.23271984984603,24.527136709062,22.587404740998803,-1.6670021784375755,0.9813825298861901,1.5857614909346631,43.91266488347861,20.110651550932136,-1.9602930235256466,0.37244605534048675,1.0018942145965108,38.20405777695172,-2.4607894123229377,0.22278792601493208,0.1714435482395556,12.667056105739618,0.05365587856763538,0.23755514887656393,13.747704522640234,-1.2491080275177073,14.876047747532871,True,145
structures/rtp/102_axis-z.npy,1636.9,43.70962011887737,25.776715736515264,14.224612308420303,6.386678414786498,7.568314038233453,12.681358428202541,0.3725699561586402,0.41000436484537317,0.36430260106164913,0.716035983730965,21.036231589660687,55.22491929815562,17.896583738752174,11.183964503961462,-2.919987308138072,-1.8711891726614382,0.17989898538744362,36.990248057861265,10.423199265973379,-5.8462257086819545,-0.5176508810833711,-0.4211433810787316,18.103421933555264,-2.376628150332013,-0.03097309072597622,0.5379244771688814,7.396724170997241,0.6291963011476225,-0.4898157085664611,8.050248150240257,-2.2323448862243476,13.364215736658503,True,144
structures/rtp/103_axis-z.npy,1537.7,25.270502116335567,5.003910808883313,4.226869766614126,2.8762898815880313,3.6720489491839814,4.1510704589526,0.3898206392633542,0.4356022663172615,0.5612205513614518,0.34540533463414547,7.755635451882706,29.445195219474197,4.820979732822179,4.37999472163912,0.3597053270988531,0.2717863676863137,-1.3019398003493974,7.6446161889296915,3.9426979654848657,0.3532413755324414,-0.027613214271556896,-0.3910011873734509,6.42356281864813,0.05579872478769608,0.24376241579609137,-0.08960925477140784,2.9002981315628396,-0.08785305430232812,-0.09669649452539508,3.7169536383641146,0.33287570408140366,4.252667695135174,True,139
structures/rtp/104_axis-z.npy,1605.3,36.646218639135114,12.641528361804811,9.348523914226242,4.024344387306236,5.906230328857202,7.699312812991107,0.4014841284708289,0.4396781152079519,0.31159861136790196,0.5037117283858304,13.939585695754403,44.076733165017046,10.014548131548478,8.000273537067446,2.3543893659314685,-1.3072843308494473,0.17056954617618952,19.04727226136903,6.812379536842026,4.5478663405708994,-0.14028954608377503,0.2076073053981198,12.67786342448766,2.837989812709487,-0.7485278199892378,-0.3003049476731201,5.271337178032851,-0.3498551876756412,-0.0888858396140909,6.653455195032496,2.400385110382939,8.578761047903209,True,143
structures/rtp/105_axis-z.npy,1514.1,30.950541447743976,5.763700619792563,6.872829056839533,2.873181662663964,4.653176739510865,4.4538370521154595,0.4512655399221621,0.3743758182251453,0.3845251338231983,0.311234371103206,9.217065217480227,35.54672392585607,5.350270184480082,5.353752275698488,0.7388056111895349,0.27091676417376725,-1.006524020198353,8.369966368519858,4.192362464552686,1.4080665083003194,-0.2303174847703364,-0.48695186456318396,9.244126813483597,0.5879449410347479,0.32908117098960155,-0.00010684787544764411,3.1149309017377305,-0.016020411868331585,-0.17827009042252878,4.883406859935284,0.9695735981836573,4.699087144872104,True,141
structures/rtp/106_axis-z.npy,1436.7,20.818826723046733,3.7118619139100386,3.9440291424493545,0.9914621882025408,2.1659548550516265,2.04353462075533,0.4387708795564626,0.40041599086430674,0.3629049051577699,0.1986399892079825,5.4146251035584365,23.51704124249407,2.877261006907622,2.8996454888396808,-0.012639297493792926,-0.779608913239407,-0.1983066776842779,4.671393619145619,2.021690636796925,-0.03612466598337165,-0.03804458174211481,-0.06811499938936506,4.945996805297784,-0.041074516890579005,-0.07976682701778529,-0.06928080453191558,0.9965989956741651,-0.07957339705714966,-0.05832996188831264,2.1995635893683234,-0.02537666066152156,2.0499428616260116,True,137
structures/rtp/107_axis-z.npy,1541.9,33.3622653619292,8.270846629146407,8.351304404898745,3.7602482466320657,5.918725045866649,5.795728599425976,0.42203502196224146,0.40980592718965986,0.39186068592441387,0.3587036675169483,11.04286510757231,39.46327279419406,6.793033254949499,6.895684374245969,-0.5414065210519733,-1.7118922170783295,0.2461371486947818,11.066792102265701,5.133177998930783,-0.7028501935708347,-0.06407468162812424,0.2149235872571423,11.21192981543852,-0.6774743910036438,-0.5982981538287994,-0.221153135650218,3.828405772920093,-0.1266663844384975,-0.16931116939939664,6.061917240213422,-0.4633578724129573,5.85946737069212,True,142
structures/rtp/108_axis-z.npy,1465.9,14.77384169221732,5.314191049701727,4.80896702343541,1.6958446658316884,2.097556083137285,1.884460323425369,0.2820289190853288,0.3955437746934824,0.3846578871266021,0.26807986442039744,5.283468101542171,17.09037364149596,2.942790826119613,3.1654580264536043,-0.009107425648023786,-0.5719143627782645,-0.3413640561784924,6.665567960962712,2.701451059519975,-0.17175131586549644,0.0008715097005575476,-0.0020660434337115836,6.175871487234477,-0.0895164472770901,0.1596831943506363,-0.06826744789926799,1.7021253679539492,-0.0581702847924799,-0.001073187455468846,2.1359713596225816,-0.08516592933911778,1.8963410415112183,True,134
structures/rtp/109_axis-z.npy,1454.4,16.229387670171548,3.991318473142321,4.494074913460185,1.3361806197887092,2.259755927193464,1.886850075836266,0.36267800423011554,0.36611879242261003,0.3481870229305836,0.23034130194790015,5.356192080865807,20.26403751221867,2.863277387787483,3.22431267581985,-0.05064356070477972,-1.5705615217639004,-1.3209347834464589,5.193311548811641,2.375511821277955,-0.4663761571250054,0.005462170757872254,-0.24573779479424593,5.822175896991374,-0.37192821796894115,-0.32729855457557905,-0.0958965450477416,1.398158084193965,-0.14687753830344707,-0.054547715818618434,2.4405583557634074,-0.13244872787619869,2.0040568709722923,True,136
structures/rtp/10_axis-z.npy,1558.7,30.399453797252157,7.136458615433705,7.425449008604771,2.9264579090789025,5.299804526185453,4.840388528791362,0.42025599401013414,0.44313057039695697,0.338567742919475,0.3468897848836382,9.979496040646328,35.52150403126095,6.025336695130726,6.170884667730336,-0.9539097491572094,-0.5602755270304478,-0.03533341471377753,10.335889836275715,4.724171731499268,-2.1705039140352063,-0.14104766785234218,-0.2749664974270332,10.11728430955963,-1.6048431491510777,-0.32686503160605723,0.33201778461603393,3.460440572577345,0.23464856317264574,-0.27380168615377065,5.559608265619861,-1.1132552823470931,5.115959571061005,True,141
structures/rtp/110_axis-z.npy,1649.4,57.02518652521647,39.977002989914254,26.831301827752068,12.535137050752516,14.262893947796814,17.084949569823866,0.36918170065714967,0.4139321090964596,0.39707441712294145,0.7104449180499646,34.91814889438397,77.24296590060614,29.03698583781872,22.799777299588747,-0.5804053722814104,0.5965650434323543,-0.8495004467201736,55.624925120896116,20.483068335129083,-0.18864145902509502,0.12499616889265111,-0.41232371089475794,36.75578608288038,-0.6353481284269246,0.2656282926848998,-0.0910065771601323,12.548453925435862,-0.06907232918264822,0.08529431760080197,14.291537014568005,-0.6333710651142832,17.123846777612616,True,145
structures/rtp/111_axis-z.npy,1616.8,46.86656480751426,20.163031744880527,15.520537265696342,5.729279128871001,8.996351286192635,10.112126819599819,0.3845211462495007,0.40979782231612066,0.3119474450386242,0.4802048016046374,18.87960326959195,56.73300290540683,13.301796346171825,11.581775132319853,-1.7692066518881664,0.7551922386491405,0.7700613358224366,25.433636331458132,8.759019996334677,-2.1767729358920005,0.41781980581724626,0.3617803548372367,20.464607239809865,-3.215678699074797,-0.18833752053986988,0.38895647914610676,6.2861451270188216,0.25581422860295805,0.25803137184797476,9.281508919571568,-1.5988271097784115,10.427936964613735,True,144
structures/rtp/112_axis-z.npy,1592.2,42.63344296250686,14.854953070743578,13.333831782834901,6.290688380638418,8.273664824589142,8.977812404714628,0.39409139883268884,0.3981896330103029,0.3946206131944038,0.4508025553771496,16.50710681771525,51.19387704185862,11.140514188452915,10.383516364532777,0.5708716762677921,0.0560152162670208,0.6711424724307365,19.716820231557097,8.429340841179036,0.4913951577300831,0.05393641360802138,0.29677896026494915,17.74652129769208,1.0532587858338547,0.087002299406928,0.05306436791354771,6.3546032338421234,0.0871977813005575,0.07814035496023511,8.310053552853216,0.5622581806065425,9.028079162881745,True,144
structures/rtp/113_axis-z.npy,1631.7,52.261598434967965,27.85039757308631,24.578014104056358,10.581239644882999,12.999296411666856,13.183626231739483,0.3697061116534811,0.40148789845106553,0.3447788969235466,0.5646379211749374,27.86762111574456,67.64645107507987,20.208150796575016,19.55860797960521,-2.4708902466193132,-1.2665870591902735,0.03578713276616254,37.482381415258644,15.90640632838674,-2.5685981954802957,-0.23545947346000962,-0.5542090040744975,34.3334273422286,-4.3460092025860675,0.0852679844631311,0.2962597239590468,11.15250699632836,0.3119288584532192,-0.2320947940999091,13.223648721413367,-1.5693070715668471,13.392731626663718,True,145
structures/rtp/114_axis-z.npy,1589.0,43.94389942943599,16.563956299909538,15.52996865540601,7.796372401606477,9.687248773549031,9.710363504285876,0.3878857046132455,0.40190552414682457,0.38732621375424536,0.47802918659674454,19.058189952082493,54.08493023919917,12.994790610008826,12.765619247887333,1.4443541168659257,-0.9403730682784899,0.26912696558255217,22.84714300308964,10.609164433308386,2.186655335610932,-0.05058921247023487,0.6013992555443748,21.852487744044534,2.7961534465353033,-0.7619917813756042,-0.05724623412281839,8.202454975796003,-0.04602759296569089,-0.1604417398444562,9.812100022672736,0.9174077705373486,9.821143012044258,True,144
structures/rtp/115_axis-z.npy,1494.6,21.999881700295774,5.33796825449369,3.3841358911447035,1.8582001392398915,2.3453832053179053,4.060634306187374,0.3774615068732293,0.45384476041439104,0.568867069778465,0.3855112611734374,6.625350849089757,26.06024941207381,4.322606895383192,3.3885169314752837,-0.020993005648002456,-1.3108900443726632,-1.1563578441854026,7.501116119202331,2.9528323523971736,0.06753918306720169,-0.018085285602605423,-0.6521923307897324,4.738879752020375,-0.2523733613645883,-0.2615039906512073,0.008332932000216618,1.8887008381138324,-0.006833850396585422,-0.20619728817277408,2.4251689069760523,0.004866484893071917,4.190052990773367,True,138
structures/rtp/116_axis-z.npy,1540.6,23.11432748274266,5.494972942229304,8.002842456477936,2.6383603558171616,4.195207104546817,3.29473255490538,0.4303182728863061,0.3197777513886867,0.31380956712148117,0.29113057855234187,7.8951333796672465,27.014272346154794,4.258006133784649,5.119712400863942,0.07247289102499736,1.4751761334875049,-0.1504410079004919,7.10388906691728,3.7565922573869632,-0.1115285619285285,0.09077977475880984,0.11722466689439613,10.669417419862025,-0.8859267058831132,0.841365766999988,-0.18624379042736755,2.7375628117404927,-0.21225993853625166,0.15440286266236125,4.336439231578404,0.030724348386049018,3.3125224740492145,True,139
structures/rtp/117_axis-z.npy,1585.7,40.71230432185489,15.102567457685893,9.720339237458065,4.943692098288511,6.964825511522225,8.702556351628738,0.38466910710351115,0.4565010604947862,0.37928181422323387,0.492165975089542,15.756627398819287,49.13948624501374,11.254455962007663,9.231259473629187,-2.4590130323384827,1.2895343647389226,0.18705577377607902,20.95098483898038,8.088814522698025,-3.81143079386278,0.16849387872208627,0.07321667489877903,14.570115588709728,-4.066559779397141,0.2859739427915415,-0.22431262750507694,6.243329729755913,-0.13204061504961154,0.2870812890064119,7.4824783444414384,-2.1168658771397375,9.322861435266258,True,143
structures/rtp/118_axis-z.npy,1548.0,31.296019746671778,7.231922536280817,7.276291914892317,3.1724775004942747,5.233289963559946,5.0369804593010095,0.40570366411086534,0.42977337705419166,0.40139687065371144,0.33236453372603386,9.780794039390374,36.33419916224586,5.837174395070097,5.947637405437131,0.23614913157689343,-0.40273899209073066,0.6288751020960616,9.586347662681275,4.436500949037591,0.25690960389217943,-0.1428929037610194,0.16682828863031576,9.663974030496588,0.017452415403684893,-0.02337195455026806,-0.06626691095148993,3.1844992507930217,0.04036584775631196,-0.11018956619092923,5.250266156358572,0.21766116627630824,5.0680647083868395,True,141
structures/rtp/119_axis-z.npy,1422.0,17.371650915363897,2.8433709564417327,3.2721933760235564,1.1316332961456137,2.467157896350292,1.6117415371913826,0.36441228412941173,0.48770990297619043,0.4188644169602056,0.192745336967238,4.95552974381329,20.266122412025776,2.5394989713750156,3.1243500987677364,0.294243539436256,-1.0863668801455904,-0.4167185820551672,4.009809962030042,2.1737890480238393,0.4067806101126266,0.01764319925599183,-0.11089195606117581,4.648559083930616,0.28751605603136865,-0.21257444730399822,0.08964705349138785,1.1749701004329256,0.03747864391046193,0.014226870972448345,2.654819020643258,0.4591264893095181,1.7083620041797856,True,136
structures/rtp/11_axis-z.npy,1587.9,32.14337693735161,13.076848950628849,7.195812398734132,3.2859478440593937,4.1764751830693,6.9872658061011865,0.3736715831283403,0.409030156269043,0.39863634718802776,0.5255604824303,11.424031183071893,37.85045088159735,8.580930206193718,5.655948870042181,1.304598349237777,-0.9862837479932738,0.04367708739575133,17.172208037002488,5.039373393940967,1.8609100600277768,-0.5192270775592621,0.7805843960684303,9.241116788693462,1.5380540226994117,0.09614667537032408,0.1695487463854171,3.708443470865264,0.27787159779252174,-0.5486926193944438,4.576475128100111,1.4996411752671228,7.691451703334384,True,142
structures/rtp/120_axis-z.npy,1444.9,19.54548029715279,3.4109387303420116,3.3687520947788605,1.1853268516227544,2.327475963688729,2.3196223121614192,0.4464160687595802,0.4495033639205805,0.43368891045792585,0.24141043058553233,5.340695226856773,22.31212118472453,3.053227967288031,3.034366249910845,-0.0333600685473605,-0.10033367493539952,0.2957272679287316,4.616638166592202,2.203393386049151,0.09664792198444358,-0.06313374936571763,0.026045198405288558,4.555522483898168,-0.08032013328024888,-0.017485981406324715,0.0004406232430378415,1.1923342625315114,0.004389169426792567,-0.026982271153720774,2.3287177037786844,-0.016005477227598947,2.3246488521110664,True,137
structures/rtp/121_axis-z.npy,1587.8,34.24558282778507,8.958018958586077,13.052952141765191,3.762083486370887,7.251078778654975,6.121132581725908,0.4673506649909715,0.36512805001370346,0.2587819822552271,0.3668550069291379,12.21825368012103,40.99348209768482,7.198932080766586,8.382675041277595,-0.27084553516801835,-0.6135330062325388,-1.305641573603919,11.209757725936038,5.205237401573876,-0.30181965999633176,-0.16485798225219475,-0.13513709608945892,16.1873542502323,0.06888986897796022,0.04111683310453697,-0.24595551499184584,3.812871765543877,-0.43838275183386605,-0.23886819496897652,7.338919826056765,-0.32857702755759133,6.198849940311818,True,142
structures/rtp/122_axis-z.npy,1652.9,49.38501286152314,24.6706701986285,21.529781681344172,10.359075501994182,12.082917608605397,13.28703887297416,0.3879266593531928,0.39467961312927774,0.38914440036579656,0.6030209594388591,26.18178484419758,64.15832497868458,19.70071165975111,17.88749505475196,-1.7851288853903697,1.4318082703096253,-0.11847032353124061,35.13057882606399,15.555831240829571,-3.1804321977252403,0.33025359803887744,-0.07083636864434634,30.059083882364337,-2.16153988476358,0.6271533989271094,-0.1488423739310225,10.683179892471225,-0.2343741454039095,0.32880788296461955,12.21938500781134,-1.1505373312489864,13.40443631897253,True,145
structures/rtp/123_axis-z.npy,1633.8,48.204757440972564,18.835245424733035,19.864767683771134,7.032027758673232,10.655431924583535,9.977235832552454,0.3831108143737787,0.39484863663545405,0.30430585812772426,0.4410610864491607,20.2499629609836,58.71055099870055,13.205680080261418,13.797312843674387,0.9884392051658892,-0.41553472097620214,-0.11175287517680718,24.273964794981328,9.96560340775283,1.9778117298266493,-0.15324393261227387,-0.03329578108840455,25.327958191793233,0.8989735301582179,0.051688132592802874,0.23019501602332945,7.196332605480667,0.025056130191376726,-0.15251329309191428,10.714763530417386,0.7422491908426707,10.03521390300779,True,144
structures/rtp/124_axis-z.npy,1486.3,27.403214046123963,4.481045666755561,4.302529184010224,1.855154558213672,3.19324206012617,3.2707402676899826,0.3930527228498562,0.4491792189477295,0.45546356489850703,0.2416673066158042,7.079392736821809,30.89193523669736,3.7113705151263168,3.840005100920452,-0.08568688122433323,0.9277574014468402,-0.5582925193033215,6.042962789313591,2.9093690600046505,-0.05015771777429503,0.07253113432328515,-0.08576261712373472,5.858147253282497,-0.10881746845623172,0.2166838636368278,-0.09341065976320924,1.8619238262831121,-0.11120093986281997,0.06624856685969596,3.231875202825014,-0.0815109307893601,3.2843269342793104,True,140
structures/rtp/125_axis-z.npy,1651.3,57.85865267377023,26.667346143209876,29.163817418746483,12.974867426426728,14.904797817718178,14.008250416452018,0.3839513605508838,0.3894522245655035,0.34992215865212273,0.5415573073111405,32.87183839530077,76.51253800880802,23.02766104819687,24.806044872159276,4.217651139141943,-1.6919400789093761,1.1557133806449087,38.9664913286352,20.65767160240335,5.333887404619295,-0.46914030228751225,1.1082760030136363,43.38476117474475,6.1686507931496415,-0.7462152005378013,0.2079381279853794,14.058765177476426,-0.1337081618685364,-0.24223102867125781,15.39236578436823,2.5235062167743023,14.482562974328115,True,145
structures/rtp/126_axis-z.npy,1674.9,54.00794807915018,28.688285971527748,36.012107262560036,9.983621210812883,15.2088627944967,13.797481974019764,0.3993323942776218,0.37655100894157617,0.2372169434922078,0.5482695011839728,31.48907860940728,72.01052670423883,21.258728170023552,24.843026945140473,1.7730032083048104,-1.9200168311600503,0.11776480022679658,37.26457708270827,16.84209794646125,1.619452090060069,-0.7026038241596197,-0.16898727635118746,48.23889757446788,3.64333954458747,-0.2475411215184604,0.32960240024446874,10.309051555953145,0.25207470206080496,-0.7117114081340371,15.336297772082634,0.9141379819190277,13.912831633271844,True,145
structures/rtp/127_axis-z.npy,1557.4,32.00820998539855,8.992351536117493,10.55343492296699,3.2930599313369675,5.917163245836026,5.986586780165865,0.4372817419308195,0.3750449501667892,0.2972658263626395,0.39371789685227404,11.1570128567073,38.04844531689596,7.027046152580111,7.0108394084811145,-0.4042737670183237,-1.2386588439115305,-0.9426853942921862,11.777926091404968,4.71489898755022,-1.2657123263011114,-0.3067100617826299,-0.5388687140315742,13.081175204841887,0.13090426948872752,-0.1662541568513728,-0.09122936535609336,3.4922016757845755,-0.14457469622819064,-0.2829285494398274,6.011536855979411,-0.46162848560505104,6.106840018194663,True,142
structures/rtp/128_axis-z.npy,1556.2,30.72297475921477,7.639315201122179,7.738362404683491,3.4772376106007745,5.761607364544893,4.7334225724005705,0.3600989547815122,0.4494396763097509,0.3986184736482815,0.3198360474552202,10.048945362590057,36.05270417371042,5.797494914042106,6.460949981196433,-0.19734750256924352,1.0307690769723565,0.9518323370620755,10.038324784917386,4.718388108317313,-0.0680390653904239,0.23435198207495414,0.12907368733459415,10.395813297571006,0.013517856669193374,0.4739375230064979,0.1346571574070861,3.524834152496458,0.08773330891597651,0.45077587845772815,5.827869062827293,-0.3072765857233688,4.838353272271446,True,141
structures/rtp/129_axis-z.npy,1494.6,23.016562331441662,5.591117718107822,6.213968985136666,2.7795477359924323,2.721309938281985,2.648592778007413,0.3663353528846169,0.29973006687945797,0.3960077037076622,0.2579373151747288,7.374463675223099,25.741796318774824,3.9359953593107213,3.992028489145148,0.5304455748197068,-0.3857235866950849,0.4200739328108772,7.702595179120444,4.087262038485987,1.0878281005418775,-0.004098188863822616,0.03228138019161484,8.895209805228907,1.6017338021101997,-0.04130837852105827,-0.028957644296777052,3.094647016750109,0.03590764464610188,-0.04103677931131196,2.8876394380598964,0.6621028015336743,2.812264877359348,True,139
structures/rtp/12_axis-z.npy,1470.3,21.910447572243626,3.572821552142742,3.340332148199672,1.5566946774262687,2.345503548774496,2.6582093068497863,0.44981180710458124,0.417382837973613,0.48176396630021945,0.27398570024015734,6.1298821608567575,25.464095180408936,3.604330980608659,3.3291650532455095,0.5680674503209703,0.8580924252694406,1.2664056180813181,5.306955447175586,2.7693103164229806,0.6981661727527152,0.0530258325185177,0.2709765879289472,4.992276119571997,0.7584273499825743,0.18069788072667636,0.021023328440853684,1.6931477498328744,0.050461750931991144,0.05612101918858264,2.6087653956978527,0.8556304560258531,2.994631400683501,True,138
structures/rtp/130_axis-z.npy,1643.5,45.567962986734294,20.659592848052434,13.933742217022521,7.20894233260676,8.693977143076879,11.439404280029096,0.37444305363339403,0.4129889324872388,0.4294607131383886,0.5567746286276695,19.314857357473223,55.90006946204409,14.471610120353613,11.465949482595896,-0.9418571938951239,1.258380376023496,1.0133982022093824,27.45887950669303,9.997331277996015,-1.1086302881647987,0.41737603883664237,0.611735947758741,18.604985486630838,-1.744486858704805,0.4603851736781063,0.3560619125818368,7.409944112013594,0.31399817159279764,0.4323506520102391,8.772639768513207,-0.543836666622895,11.533157532293108,True,144
structures/rtp/131_axis-z.npy,1580.9,32.34268128145997,7.9036626535628685,12.779521778774619,4.139701205754987,7.01375784901545,4.315269088480668,0.4089196436975645,0.3741107399618613,0.2789265091276971,0.27928406343603024,12.189747853033445,38.36894114740802,6.283701987372403,8.823058975751538,-0.9579966630964201,-0.8534717040265142,-0.5653753854653171,10.532754235050396,6.2614956200713205,-1.3279785732420084,0.27732257212034284,0.5813882175727533,18.069522128452068,-2.6418491361580334,0.6420427078363534,0.03873189190313548,4.576437450415162,0.0673861677336295,0.21487608048836532,7.235042874943027,-0.759642697592628,4.480447984465795,True,141
structures/rtp/132_axis-z.npy,1543.8,28.55971366019207,9.388000847693572,5.698439450183452,3.3679061731743603,3.999831232423178,6.330608423239723,0.4015758876730661,0.407925900067635,0.5161899269569974,0.4755877502881317,9.671526870033208,33.74521727917023,6.9442339815799246,5.047218102123109,0.29925839722930925,-1.2920674394616962,-0.17159537120215992,12.654297679521871,4.5383672562899795,-0.04984387868088929,-0.08096332362427605,-0.3232166987856083,7.584588191620749,0.19170158017362177,-0.49969385225361374,-0.22206374115115873,3.408959220455768,-0.35581994710396764,-0.19559522352850334,4.1211006400970085,0.3194176204552328,6.373109676005383,True,141
structures/rtp/133_axis-z.npy,1553.8,35.38647102423112,6.263841885216623,7.608983825533719,3.1808128130456925,5.782377978965812,4.264668527755877,0.3933612928488795,0.4162258878446208,0.3892040737248901,0.2571233171677088,10.2738277250862,40.532910428163184,5.340677798788355,6.325762049880488,0.7890757362705049,0.7301457270531484,1.442145216171895,8.429925861758605,4.607940217540473,0.475185122019132,0.15502586147413508,0.40874487462827663,10.95285310343538,1.5780586422312846,0.038474424899880795,-0.012489634761246248,3.420990528566094,-0.013531660983466165,0.15804700026690643,6.03893758114937,1.067242859510842,4.524371796101267,True,142
structures/rtp/134_axis-z.npy,1429.0,22.446318658725236,2.798776313320976,2.7658421622119813,1.5372305891895612,2.1476473845405946,2.190989956603974,0.39081609979315707,0.44516104282300945,0.5557881662137676,0.20613034092140597,5.7483577583000045,25.768110961764904,2.9906074643474736,2.9666156395765197,-0.2561811878858776,-1.007501086361475,-0.7902813670218544,4.491650167239534,2.598110713555205,-0.44857591944601827,-0.046281963517557125,-0.14421560653060467,4.364791060737204,-0.2107190116760957,-0.1489125427767278,0.1418101460410512,1.5909223635859946,0.10294953022228039,-0.09160937732275692,2.294285455051596,-0.4565977647651253,2.347567280630586,True,138
structures/rtp/135_axis-z.npy,1603.9,44.7321814999512,14.675197056461318,18.231096989072018,7.7048315706517405,10.624342319229909,9.457299583509501,0.40311378583514945,0.38091145063872267,0.34264149001138383,0.44280744768579355,19.058074656912098,55.012403589731356,12.011651140146096,13.656902475195968,-0.07421459343137954,1.1807676298584255,-1.4024256968718407,19.88279617078107,10.259908733305796,-0.5907338184438535,0.0784321924109748,-0.8702370345006399,24.77054745440072,0.20007870039258427,0.8265530017184589,-0.17926932115304048,7.736494413826868,-0.07458504766927414,0.03957961073063586,10.672963246674534,-0.013517546018981792,9.520526720384742,True,144
structures/rtp/136_axis-z.npy,1590.6,40.932608926320334,13.522338903078108,11.772341575422844,5.970212443407221,7.525792060308946,8.394082180283831,0.3772594412646277,0.38929707786262885,0.42070237949804135,0.44928834877802565,15.351795368406552,49.16660281443391,10.391955658042985,9.174739881783314,0.9057076483263465,0.1072028517153039,-2.786917035469736,18.479997782920638,7.863813036384693,1.393143695611787,0.16984476141911042,-1.2170969844560025,15.658540565882443,0.5773111126236601,0.011983395824306572,-0.3697273118332507,6.097863073889596,-0.34771038992198156,0.06642387746023033,7.654738608346168,0.9232721265582055,8.710498597672723,True,143
structures/rtp/137_axis-z.npy,1523.2,27.195914072458958,6.0510069115138885,7.690684889912656,2.462429360995017,5.048580321963369,3.9896187801250407,0.4381067551216109,0.39315545223369797,0.31457046768359087,0.29660213652643375,8.726080143454912,32.447576336566215,4.8124845649191945,5.772738465030863,0.5602922745453732,-2.163968202761903,-0.9253370719681098,7.680818905035702,3.652665570167961,0.30855920530764475,0.007280139211059686,-0.03341835035144829,9.930548849256239,0.5923882855723759,-0.6646113689443429,-0.19853074025139344,2.5153412096617846,-0.32782408234675586,-0.06328250209738617,5.361860855668236,0.7142233760011362,4.098313631287287,True,140
structures/rtp/138_axis-z.npy,1646.9,52.21864400996704,21.641163324651895,29.894782618199876,9.889738278304838,14.158400960996012,11.69322899725442,0.40312577972283914,0.3734169484560411,0.2843471635924164,0.4706839758177416,27.135278734965578,67.17996589332708,17.285693029532666,21.311677023275408,-0.9264697531045363,-0.15176394329450377,0.9406387469291352,28.848512109722623,15.148025854118531,-0.8505128576163276,-0.19625246698136556,0.2056565833900595,40.69823879778728,-1.9156691263221544,0.14039652972665279,0.7199592441149516,10.010229364450042,0.6357991864548304,-0.11869603998535126,14.238045390577746,-0.6420283495429682,11.742217361033005,True,145
structures/rtp/139_axis-z.npy,1524.8,33.32989504980297,8.539580651815642,6.623465212247158,2.552723067652982,4.26259643247281,5.422585476575303,0.4042390064047316,0.4138459151218153,0.40076195897400696,0.3484377167128296,9.684119586082659,37.916927767451135,6.07807799374539,4.9974674975815105,-0.5013088181936874,0.07265742527561009,-0.6632374734374811,11.017360908349538,3.9054385029217036,-0.9404871099118973,0.2271259933150607,-0.19463912058469546,8.260819610446049,-0.3164649430811233,-0.21065586449701784,-0.04068720143188346,2.6421926897815085,-0.10530797245364941,0.23064781369047355,4.355874207141646,-0.6493146455485129,5.546928058956411,True,142
structures/rtp/13_axis-z.npy,1488.1,16.708999211176145,4.736723975681786,4.107161729670452,1.6017708926621066,2.7136225109133028,3.0336013656463705,0.40570970067596146,0.43115008457733245,0.4039939313863357,0.395351285906663,5.755982831121938,19.979248935393894,3.7917088479429553,3.5226417820214766,-0.4764511590251789,0.2689724747725775,0.7115237464444498,6.420237331850674,2.6423787294942978,-0.6325374474801544,-0.0641438517342239,0.025693828673175774,5.4909004939354125,-0.2527631388967308,0.4691393864356434,0.11983073925123551,1.6709142573545588,0.12986229756895787,0.016030743773925268,2.903609694025497,-0.6093155895520664,3.199882394619692,True,136
structures/rtp/140_axis-z.npy,1618.6,46.03982456988502,18.785051584550548,24.671427136055453,8.295055726664541,12.74825837587781,9.467907335030041,0.34764883301874255,0.3936988338864857,0.2748029571727873,0.44448598064742917,23.07430990908956,58.910555024427254,14.282309905397854,17.858446881778786,-2.081736305859289,-2.813018948704616,-2.5153148337893962,25.640142796187558,12.646109078898611,-3.573115271384293,-0.6977244248930431,-1.9503244636873343,33.54435962904071,-3.0302487846274575,-1.9098232535596977,-0.20605279871729357,8.928926551038955,0.1011971186087278,-0.6094844930337527,13.108368204670635,-1.237520025987064,9.918314648152814,True,144
structures/rtp/141_axis-z.npy,1463.3,16.548238010757405,3.014460528653174,3.861430780717291,1.2936005828086694,2.9767041252394,1.7762293628758725,0.3614837266232306,0.453078290875397,0.39218415311575394,0.22838778764467982,5.441209859382956,21.054051137842585,2.9055354416909935,3.765528385964188,-0.5975926318045758,-1.4109380132220088,1.9484316529012748,4.178038133508032,2.346055649429245,0.03935865393593865,-0.17145878261233524,0.40574415319326335,5.704560508927131,-0.630358577748731,-0.5669777844978742,0.25670770173375057,1.4363838545181298,0.3917996556405199,-0.21915283016231984,3.297143235366551,-0.6523676838230676,2.072449674439404,True,137
structures/rtp/142_axis-z.npy,1660.1,53.37036565853742,31.917928874588156,23.627746465387034,11.877880047638977,13.024367512617834,15.223778890378213,0.3683001568280182,0.4068527920824429,0.41730328567468034,0.6572694653235073,30.333775202621073,70.62550041780504,24.06339545161355,20.090588525771526,-0.37214481439916536,1.714222773204473,1.1229235321048334,44.96510903951493,18.123957903305687,-1.2482480197583599,0.929500506070701,0.7140424570883405,32.85748360488813,0.24506708209500222,0.5425506001537717,0.0021229507909199577,11.969935324464636,-0.036622293125420986,0.7079591338465959,13.073104262055216,-0.20875933363490687,15.301924917732851,True,145
structures/rtp/143_axis-z.npy,1600.9,40.65455697229581,13.197278463447923,13.822705098888944,5.6273697414432275,8.16152479355787,8.473504298790264,0.4239030462896161,0.3811771754597697,0.3337398473366304,0.4457362185100177,15.517659802759075,48.819743310802004,10.22078974603602,10.004820522889593,0.9945239078656315,0.5815486473966934,0.3554573061298474,17.42572551814567,7.542711696769541,1.5680853583349468,-0.17296342450995505,0.35449068593614674,17.876825464493677,1.203230515939877,0.3292852534108219,0.019439741091284123,5.790323853707302,0.08372605118455208,-0.08439655066881903,8.295669621308344,0.979174356852245,8.60247580020128,True,143
structures/rtp/144_axis-z.npy,1523.3,31.232646679321167,6.364977553994305,7.204453955499886,2.4053190945733167,4.719635046951975,4.113291553712622,0.42099569448835145,0.4012638639362414,0.331074999836278,0.2808951263023513,9.07639489877228,35.49860384061712,4.987913253734997,5.352792722240989,0.6321019518821199,0.6763646961662764,-0.22899154615753622,8.344906993905989,3.8597509274728585,1.0608596646026838,0.17463435280146292,-0.15765728295297007,9.44312944752973,1.09475392022742,0.4472331633846476,0.028925556603474477,2.6020934689376864,0.016356733202107003,0.20833604885996349,4.915376369762305,0.8431683818294582,4.285152142987108,True,141
structures/rtp/145_axis-z.npy,1566.8,34.850294239857526,11.49462413631364,7.396121979111287,3.1447469051092454,4.650613698271705,6.583536539051415,0.3663031143171201,0.43821291056319295,0.4155708933243311,0.4029519208673758,10.943414990789485,40.05089063432079,7.247065737175115,5.680324785533573,0.2606796049653834,0.05914109920822583,-0.7516464755739021,14.320534311056639,4.544602037138262,0.5235041803122119,0.03962853867224308,-0.3295184432880774,9.175324852034043,0.42075178301393124,0.10629930051429057,-0.11404447550885063,3.1743841719833474,-0.08533874846416306,-0.014634697685436217,4.660349076534792,0.19670836485569596,6.609182127050948,True,142
structures/rtp/146_axis-z.npy,1601.1,42.21613058985696,11.304430407602542,13.935531532579352,5.680822013908152,8.590856034145455,7.888456821938928,0.4281183857162235,0.38482920129529874,0.31779093883636184,0.3996089278664359,15.614078135545318,50.24247431977589,9.572541054396908,10.43197701318191,1.712096209124173,0.48943686490676386,-0.05955918192909373,15.738206871497749,7.879634844612046,2.814011793182741,-0.013116190598489782,0.13259034153821428,18.777716204252492,2.4240618034844443,0.07536861160185838,0.19126637826260343,6.258376870466485,0.09825213010031535,0.09859117897996886,8.852857424349638,1.4378458310416062,8.126034214288795,True,143
structures/rtp/147_axis-z.npy,1577.5,28.09865743913504,9.861244223429527,11.822006802114458,4.374832267312245,5.413746296400964,4.9560450798408064,0.37066560549720434,0.3215947272533024,0.31062020016003894,0.3777424771023333,10.904160017750431,33.00144594028135,6.467368998985938,6.891670045751219,0.08651142758698323,0.6931133189889185,-1.1644045964969045,12.536909393968378,5.530914257070106,0.6970687764684284,-0.10218546685182929,-0.47818292636737353,14.819178221889617,0.1259767130720799,0.035164057713673015,-0.4398645469735973,4.4632952687361485,-0.48830148722898375,-0.1694443150656704,5.48754558434871,0.11767669339197674,5.011523975714415,True,140
structures/rtp/148_axis-z.npy,1650.0,59.89830447402279,37.60035920804439,35.90783824632642,13.595771189518066,16.5045103807289,16.48241285486045,0.3826958789594893,0.39216701079149663,0.3238405083722209,0.6282029932731764,39.07481426837091,82.59835796494886,29.70387910067941,28.97301175691215,-2.9212334534181106,0.1535887993086485,-0.3060964340791121,53.183758510397176,23.963870752174525,-4.20619863522954,0.14429824723552725,-0.17099353518434543,50.60968872045997,-3.7683539465621094,0.04773315246220624,0.0320417885162111,14.018184892926712,0.09292378670393123,0.09383305329657703,16.63533072527289,-1.4670704580142835,16.614234975079416,True,146
structures/rtp/149_axis-z.npy,1648.5,44.31782925615097,16.559886144119663,22.09293925994248,8.426222040891593,12.025931299283542,9.519957326257453,0.38471541434420525,0.39477438324385494,0.2991164220137914,0.45550872582327023,21.25192524044909,55.954846216631324,13.242139330443594,16.46590106050101,-1.7996018795173323,0.36551619076957154,-0.21614985474675036,22.295783685855813,11.677355601678311,-2.1032768508782738,0.5158333853102857,-0.5654468894958483,30.24590527630884,-2.085843199157284,-0.07675505505929993,0.3940435644780144,8.715431650478076,0.3190766447628584,0.606222972538738,12.227407506105061,-1.2762397368404914,9.728005345095097,True,144
structures/rtp/14_axis-z.npy,1640.6,55.08279131862433,33.107241934939594,26.324180709447536,12.010452245996715,13.785804576000691,15.269306313466334,0.37470394648169514,0.40326390550188723,0.3811878378711873,0.6318571750707285,31.643692842167574,73.08357518309916,24.675196208710442,21.572458851541118,-0.3262725991067776,0.01582290916440089,-1.0100427820231612,45.769495744730854,18.614372266454268,0.16078389568356277,-0.059234704339119884,-0.38209912768433724,36.21610999826649,-0.8530868500104114,-0.6945069037319723,-0.09872749134468224,12.041306117996719,-0.0706611677256918,0.054495173138146176,13.811606557949505,-0.3446113484977638,15.29359079425525,True,145
structures/rtp/150_axis-z.npy,1455.6,21.935980779540564,3.014586265783382,3.732686102385618,1.4085075045424424,2.8799258252050692,2.151313967859916,0.45847182069939635,0.4168467804260945,0.4301090467200174,0.19485463971329717,5.877503723127573,25.363628229245325,3.0257126083980257,3.4341670492957,0.06882167705361243,-1.127540937055124,-0.707395781031269,4.280298931170869,2.4715231972222136,0.08983836802805317,-0.041204761849483414,-0.03833719054810904,5.390800637900086,-0.33428255709951804,-0.20917836389844638,-0.029016976919024155,1.4544464178819316,-0.07365782088361258,-0.08193997950160573,2.94021022401516,0.018381650031699566,2.1763232501231164,True,138
structures/rtp/151_axis-z.npy,1641.3,49.76502150441903,25.479538478308747,24.793909584816433,9.166491743708763,12.290534302486005,13.035115842155326,0.4004062399904811,0.37960522122382445,0.3120981453286364,0.5747181510163488,25.846700450547903,64.25972045088044,18.807551549571745,18.071040847737343,-0.9173710337449601,-1.405144192542664,0.6521544462697951,33.71401578646796,13.986784923672893,-0.9952691696587624,-0.26111189489929076,0.41373199196479626,32.915813175618766,-2.264386117663643,-0.712386536801519,0.031604156075350165,9.327939634409464,-0.010978560083092776,-0.19892885949264963,12.338296622230445,-0.3819730159737606,13.061093235321461,True,145
structures/rtp/152_axis-z.npy,1661.9,51.66648114721811,25.44290245413894,23.36057145326879,10.659372042862582,12.55955521475039,13.123431041950914,0.3840432952029994,0.3914710555891007,0.3648872801784584,0.5692660275009669,27.132223442654347,66.76893300383587,19.912335562858107,18.83564283213231,-2.4355670860969205,-1.1092436923471314,-0.5802738623337799,35.66640958804145,15.919232132629075,-3.5787621838044386,-0.19658019845855437,0.04787724482846198,32.420247336772796,-2.986006063864837,-0.6268341551727173,-0.25870886081882394,11.10277965894958,-0.19344989251674058,-0.17008231913180336,12.783399292365623,-1.5898851551447428,13.33693454371869,True,145
structures/rtp/153_axis-z.npy,1543.4,27.72505079946718,7.790183699639967,7.452086777771976,2.9358977986606694,4.529963660414005,5.04849367635709,0.4311240903946293,0.3842563652697499,0.3676269789112929,0.38070116181987507,9.38774000630936,32.74287371962548,6.002853318848493,5.689067264469272,-0.2569850503312484,1.3273111436030032,-0.0259763276715553,10.225145767281552,4.228936203021809,-0.7626654246654534,0.1693403029505195,0.07825465905218447,9.679926997198047,-0.33270830596696505,0.8973242533266141,-0.33871605707833147,3.027966550827073,-0.3218466065329748,0.25114465328230906,4.681965424095201,-0.13871977937531085,5.08997841683148,True,140
structures/rtp/154_axis-z.npy,1507.8,20.745290932391658,5.601885171775582,4.141278124628443,1.9151900633263987,3.037065856626458,3.534206058151577,0.3654575071372811,0.46184678568684084,0.4699582211130615,0.3642928687047989,6.691157209389186,24.7553254400373,4.255053042768602,3.84037334829239,-0.38792893569318465,-0.4443046276162103,-1.528298360718997,7.430989543775509,3.007508930410895,-0.13960303385119535,-0.08355888408687641,-0.33843925575478956,5.828229257746092,-0.7472539198652476,-0.4138878055615164,0.06033661681714269,2.028363254530639,-0.02100417916295925,-0.14535000200571868,3.1377845951459182,-0.46883509773118903,3.7340515204154094,True,138
structures/rtp/155_axis-z.npy,1425.1,13.801871016864485,2.7763934951737066,3.3616391470957807,0.9873565025071139,1.8530529564911702,1.8972822184461935,0.5525051870166844,0.3080874313349869,0.3790746892844633,0.30019899677674367,4.520262658692013,17.081884068662873,2.932103332513514,2.652026400907475,-0.3255936290742784,0.6313593721122727,-1.4111929629098765,3.8696301577450827,2.0121066350547023,-0.12341884475298213,0.12405549614008425,-0.28484423212974164,4.538376964868779,-0.28557443089468515,0.20146193013522357,-0.18692083685206334,1.036621103346172,-0.2579900518789959,0.12000915057860392,2.033180523761148,-0.5144481490217586,2.1238749908014656,True,135
structures/rtp/156_axis-z.npy,1533.9,30.34220609599205,7.984885172904906,6.435357789608053,2.6402643956975447,3.3163784228857347,5.742155407595738,0.41548924971650014,0.3747473653945749,0.41025818227742195,0.4195937226940538,9.520185072323265,35.09128047135148,6.356962548114198,4.924650152120408,0.7478768959880082,0.3628821754459606,-1.4432726882327649,11.186830377393623,4.2809370091209455,1.5615966531872685,0.04172341269312244,-0.9075716231607316,8.278455383453176,0.7266311857947311,0.04397090739426404,-0.37443649130340007,2.971829580390577,-0.5903868029885454,-0.005817648327921919,3.552788320995047,0.7463479658428407,6.028369713242803,True,141
structures/rtp/157_axis-z.npy,1576.2,38.206563549810085,10.562288863465062,10.344930352140773,4.235646652334181,6.7447717747939775,6.646378537131663,0.3906952859949046,0.4008980004273905,0.37040811406558455,0.36579363663054054,12.686729229265767,44.70206993946369,7.743899428803845,7.701752215871456,-0.5170374542889263,1.4296564643916483,-1.2266893632095046,13.643212939455537,5.814448004168558,-0.7257734830676829,0.20741275188243552,-0.428227061422193,13.31508088678495,-0.4676726425871775,0.42339680281946884,-0.21816145386444916,4.295810557169423,-0.23294321549501154,0.3309078237439,6.859025477341939,-0.6537021235289177,6.759531797152934,True,143
structures/rtp/158_axis-z.npy,1652.7,52.23428229652106,27.47524594657534,31.277431609454393,8.780269682349374,13.736929623347203,13.034759002674782,0.39475300009351183,0.37955894254502753,0.24510443726330847,0.5377182590079832,27.8764992502173,67.83420085856173,19.19895819183759,20.780171092410573,-0.259670215823209,1.3029663359799994,-0.9385431934780027,34.938386587191786,14.097311542686134,-0.2805342999839548,0.32975225607265235,-0.5807151829553827,39.96302415233361,0.20570737547910597,0.7838715938339939,-0.06707637063449635,8.792439256593472,0.03964319139619031,0.2841853336240261,13.781183411983276,-0.43977633953211315,13.076029006590844,True,145
structures/rtp/159_axis-z.npy,1568.3,31.311940248029508,9.323961815023443,6.412086381505288,4.491146842948246,4.869765715880152,7.1573248416799,0.4238974548259227,0.37209396245439375,0.5434087206683652,0.48356442505209285,11.031275278817336,37.60637266598432,7.734163676713485,6.16347486149161,0.32814203836565214,-2.0412184135494664,0.67521642039026,13.397417618368523,5.608006866533376,0.5608207912057469,0.06965092094237267,0.11768279693404872,9.266396415526229,0.5490073615812675,-1.219690799674473,-0.2715253313436107,4.54397528052442,-0.28802663328020195,-0.17131261502543652,5.201993645498076,0.3903593802433713,7.222568782466355,True,141
structures/rtp/15_axis-z.npy,1623.8,43.29872024139687,14.645943009726812,15.424388436059361,6.448211685142964,9.323701909159226,8.3056058684645,0.3810650833223949,0.3975154553865951,0.3582791858805079,0.4030851888015607,17.22828647956383,52.24870622628768,10.863784315267067,11.685561188994546,-0.7088714588660878,-1.442624331549418,0.1536993825160102,19.29401183037428,8.89579171209035,-0.8644834390332559,0.12683071333830448,-0.06561760245481332,20.6215858267086,-1.092326593291597,-0.9304771737263136,-0.016840408418154477,6.516741164587206,0.10284355158712366,0.024794485401419965,9.451356763537703,-0.5709213355718492,8.340824531020795,True,144
structures/rtp/160_axis-z.npy,1617.0,40.282000920107045,11.871379088411919,14.658201489158197,6.739601071959057,9.081384871349611,8.048082733690974,0.42915973600933016,0.3690342798621696,0.36799082691725904,0.42095708263041776,16.34475517433494,48.977566773535926,10.345032232765334,11.384997485416063,0.6162330553688447,0.5693105547331274,-0.3737681982950095,16.510118693173983,8.89476195466889,0.5891401265403792,-0.1251990940672956,0.4165790531385137,20.365527756603978,0.7162940289039732,0.9067895737609397,-0.1264585007685761,6.777069804218621,-0.2034163579765355,-0.07531028629012451,9.217730261346471,0.6996864957303198,8.131319517450818,True,143
structures/rtp/161_axis-z.npy,1497.6,25.42430147902684,7.4366220616324785,4.906628985726534,1.7692630373395049,3.1056101280560746,4.5799897393360185,0.3918040592654034,0.45638910147689177,0.4042096535066294,0.37725232540494114,7.721746205951626,29.87456358030091,5.012685578719512,4.089199017293692,-0.3254914033540113,-1.2244689855878386,-0.8541367236036977,9.430304791523357,2.945519297065472,-0.6973783340905748,0.09597973856663586,-0.05696816948388568,6.096039695583017,-0.20927935325013788,-0.42266085247280993,-0.009479872218580656,1.8230978927274215,-0.041646920212503394,-0.08431063143846218,3.24285963269927,-0.46431614047773934,4.6896006450152665,True,140
structures/rtp/162_axis-z.npy,1647.6,52.52634971510468,22.46442438255629,30.179035015473975,10.558570631495456,14.3452909280844,12.244719827887234,0.4056112608095842,0.3760036219748034,0.2883094908359886,0.4920286412004739,27.930216490488508,68.21525932495626,18.267632272146948,21.825686151904183,1.0561868832114134,-0.34463527574189906,1.1135978727694231,30.37416228037205,15.768644639514378,1.7020464994757236,-0.1517251746009084,0.5149192099524561,41.05860068193723,1.3418333792692532,-0.25098437595705403,0.05988284122789302,10.661881144342303,0.06457564100969007,-0.07187338843934961,14.368575787719042,0.4950059346049283,12.2878315349909,True,145
structures/rtp/163_axis-z.npy,1659.6,60.75290897883302,36.9393325282059,38.33495007966063,15.923314180037726,17.907503601980185,17.084571124284718,0.3818382149607743,0.3882198192344909,0.3565676851729333,0.6337435011684331,42.21374610414556,85.48763961535406,31.48487808489513,32.57987428110158,0.2884361858020514,-0.8173414720626563,-0.9719716718612396,54.1603453847198,27.761674369992296,0.44061352043413665,-0.5482698004849101,-0.38660909295629375,56.622876465258194,0.8828819520127194,-0.32142853108465497,-0.041355548837300686,15.949165696372074,-0.003620031411647217,-0.43669924817509115,17.918196064192585,-0.13700437549817382,17.111949582538507,True,146
structures/rtp/164_axis-z.npy,1559.4,33.77921420425499,7.542447163449239,9.505805509826834,3.3443673401130436,6.014452643960804,4.992299991562085,0.4252547333570302,0.3997391822372798,0.3014648637154173,0.33383468366719027,11.246743693061443,39.50971047572317,6.364884628246641,7.416038975449783,-1.4426433115431438,-0.9601817953580384,0.9697501357536635,10.39435268366236,5.3164057096936235,-2.0248703520284326,-0.09859094445355011,-0.06583941017065453,13.121971451387369,-2.206719413378407,-0.5609061490055225,0.5395206732865524,3.904785790737091,0.5174038884586122,-0.061742178974473455,6.704109661242596,-1.8448401254346323,5.532446225998219,True,142
structures/rtp/165_axis-z.npy,1533.1,31.240032606473175,5.202579534776501,5.527460967535795,2.8000247627039605,4.150482747314747,4.197134514822735,0.4548645558559707,0.3776452670557045,0.4504262223820115,0.28359589276663516,8.624927642681655,35.23294319867722,4.872082221344223,4.706034028834822,-0.4411204060127253,-0.26877431680886976,-0.15062694617201716,7.555431933070975,3.960638601981914,-0.9053893611132808,0.07266078487960771,0.03249516263248092,7.758463948064769,-0.5330293581443565,-0.17035667498310236,0.08446882061870298,2.910253970692996,-0.008637962570294686,0.02781428799025823,4.264839502677563,-0.6703131514204108,4.3051077370152235,True,141
structures/rtp/166_axis-z.npy,1648.2,56.47784893979675,34.29657812152145,28.2543541914199,12.939292242907495,14.008664165439384,15.812259201621252,0.3801882569503355,0.38996201448827444,0.3639813298170832,0.6604307658440608,34.49614547850642,76.21430589872962,27.067781461360177,23.881566788150337,4.041830019351777,1.9579396721961848,0.09291723190875387,49.413085558179596,21.265488717214282,5.648671425986311,0.5962781724910762,0.1043768018479779,40.40824391619903,5.286256883442014,1.078764097447495,-0.12059314693421268,13.85528943930628,-0.05329569619493867,0.28087945167703715,14.433138356043619,2.419888518035914,16.228938386372874,True,145
structures/rtp/167_axis-z.npy,1524.7,27.645364340912014,5.394025688541209,5.98937549897973,2.297275697020474,4.2802575398339515,3.8593729393258176,0.45387612223413015,0.4006851263985739,0.376984419525239,0.29582391557533794,8.205959330186502,31.939276907343274,4.718096433525266,4.901452591507022,0.6090158517187026,0.02832435397210143,-0.9014854474068841,7.248162491921081,3.620946471525038,0.6776165924775035,-0.07896547093171595,-0.014164238574946158,8.185203579299511,0.9738638317410502,-0.08278662581777786,-0.05904385071587481,2.434038675814806,-0.2166582418842814,0.0011394036463854293,4.454321803549842,0.7828120136594673,4.0263380971738885,True,140
structures/rtp/168_axis-z.npy,1657.9,52.00705082883127,22.02461979603293,20.018316887247522,10.531888850143982,11.592862959176,12.636372596752501,0.3918352481445794,0.38689780120404044,0.4197970921572529,0.5310931369475415,24.686343140875636,65.4103466851395,17.791981942675964,16.53577257694311,0.009955887200769615,-0.4973939339631494,-0.5471105689514708,31.084001759753786,14.50231489384978,-0.34399062627346044,0.09848907082607468,-0.3512009068304501,28.022600996049718,-0.11368791764842218,-0.3431273991768174,-0.05176427572939342,10.53767093789777,-0.09159645158240995,0.08301975145852625,11.604554684402434,0.07009989059936342,12.644893353693584,True,145
structures/rtp/169_axis-z.npy,1615.8,47.87127780554559,18.765269063031734,18.53761893944345,8.169742046931889,10.524099426089919,10.719793747102084,0.39464350951638666,0.38810693935731666,0.3566714181858408,0.48293803153254383,20.948914657650878,59.028923099196284,14.310389432712217,14.088629249210951,1.2681853789052588,1.0631363620430443,-0.024152238870479216,25.324750480038336,11.276145724741074,2.1046302109954507,0.016193796404815292,-0.020989965419286636,24.83622952629481,1.740113365474349,0.72907428613743,0.23045931596810978,8.379260099025814,0.096842293560829,-0.05643258105332379,10.636782320082531,0.8960669284335434,10.798140310956802,True,144
structures/rtp/16_axis-z.npy,1590.1,34.79990575724512,8.24952600055734,12.764199369465523,6.11511895899542,7.767222242772087,6.546730217265006,0.4751259713928525,0.32857801947486287,0.3643653294440405,0.39011908629902764,13.900316905304699,42.266543261951924,8.274799651343253,9.750412085438311,-0.40274718497008183,-1.5130244250448115,-0.6396086190446895,12.410883664790502,7.928408661652148,-1.5525801934304921,-0.04599270235139877,0.3867694165136715,18.51818442413244,-0.5097982019597975,-0.6394578532512305,0.9171239451532838,6.492633699999848,1.0873925677899852,0.06888476124366925,8.042638208312773,-0.05235205094020645,6.630413979540733,True,142
structures/rtp/170_axis-z.npy,1579.3,36.00016630983069,12.25066173034751,10.101040120253373,4.771423572504969,6.164316741596148,7.523115953280259,0.3992885827135052,0.36968235991313075,0.3895674077544456,0.4608567210173949,13.09360691471325,42.24427559595761,8.846862705485176,7.453446360104277,-1.0322255940237854,-0.10295598161151369,-0.4706998156612322,16.40336799864555,6.598758367745364,-1.8630875202806205,-0.3200791063661678,0.11283270800776901,13.396683771146467,-1.826190464219026,-0.18148725737420568,0.03423356381882884,5.107001844261115,0.023042849721658393,-0.3190753075485966,6.289943882764217,-0.9567638842870485,7.695711097583602,True,142
structures/rtp/171_axis-z.npy,1529.1,21.679610156664275,5.978503428762401,5.650853732594414,2.2552457559893857,2.7480552149652215,3.614517614497921,0.4140591782235256,0.33762459751858354,0.40208886315782544,0.355042748529086,7.086944136307931,25.047412242802373,4.458044149433815,3.9346170498081117,0.10831547480169465,-0.6126830323301211,-0.70046557179989,7.891375443201705,3.3279637518350818,0.2868700904899518,-0.07061105039433395,-0.31848524368015635,7.40245963861329,-0.37243835213635457,-0.44849012630933843,-0.04648494090776475,2.3125106686320778,-0.06907387334927871,-0.11485271600639883,2.797256037215574,0.16613146361743686,3.65505291917332,True,138
structures/rtp/172_axis-z.npy,1644.1,55.634559466579546,28.925829851677868,32.61399328616163,11.63037927924749,15.246025798035843,14.168864561687872,0.3891214183728247,0.38937615253034147,0.2877446738157699,0.5580384859658392,32.33496858939548,74.00888227143697,22.691066085073547,24.656201756190217,-2.8420856768733604,0.3026517972475184,0.4807336367658447,39.90002738685091,18.761916668896355,-4.401224077399755,-0.08567299591253846,-0.14453036906768113,44.887438625951184,-3.8384565970761795,-0.24770754312274257,0.004952882432644309,12.205171135538246,0.06245781419397464,-0.051580414766897224,15.405406733511244,-1.4833108900859122,14.31865822385574,True,145
structures/rtp/173_axis-z.npy,1437.4,18.68341262815594,3.7710685796980727,2.785459729261306,0.9555824848507003,1.667164935661761,2.3777437910143733,0.40287540255990223,0.475872503813052,0.4843187016310759,0.26144036340614746,5.0747373351107425,21.763233181452783,3.0226227507640506,2.59083082090964,0.043064198523202944,-0.5684089258494723,1.0637326554796644,5.010493515463954,1.9884956249971741,0.10876486430052784,0.08961146937058437,0.22678175544306006,3.6950109257382135,0.07638530776509063,-0.13450551798092378,-0.02402028840314326,0.9591981897493091,0.012260983065957713,0.04379211806825167,1.6978636981216175,0.079131253657277,2.4497760007261498,True,137
structures/rtp/174_axis-z.npy,1624.9,51.352434708251124,22.040553599301663,20.445570938374253,9.979628849149835,11.231168710597336,12.50378254444472,0.39571571935691235,0.3776937657372803,0.4047181036484093,0.5372390799595098,24.675623778877707,64.64123572596837,17.704812635345696,16.63307867177097,1.4480546039023712,0.0030254671492505806,0.16468870126379115,30.90810690180096,14.493396607655889,1.2354294912608392,-0.015592143135748979,0.10397674722747524,28.868695552584928,2.574853622361542,0.016702889841903094,-0.15850108629666745,10.215882410807199,-0.2680647941537478,-0.01791580637946253,11.329477480621305,1.0708045647248636,12.608040378898208,True,145
structures/rtp/175_axis-z.npy,1526.0,24.279757674762095,6.580276706443235,5.721818764120754,2.8164945896921196,4.084406689576482,4.026976439802655,0.37969761489060494,0.42224982093676444,0.4260399149418059,0.35231096655978417,8.063620756734274,28.77201903601928,5.040423377888369,4.852099912087948,0.5866743731284005,1.2474537604321208,1.2747284044499532,8.787361978404546,3.7873414000805252,0.610402332634949,0.199413328104667,0.233401819911434,7.653476416070944,0.36881458212496937,0.4699544387810804,0.38164605740331087,2.895234680247789,0.35166706323299496,0.25431931071522546,4.26329098830154,0.6452573290005487,4.180450702161039,True,140
structures/rtp/176_axis-z.npy,1630.2,53.88082318774452,27.67953835452594,25.962818800704778,12.739154612970854,14.379718491709268,14.567820290253737,0.3756536280392971,0.39963776118975414,0.3899501268117021,0.5978816417908872,30.504792361106336,71.4016952027701,22.446978998784765,21.958201578498077,0.8425408172985852,1.724609904013162,1.9190971702119524,39.53249807225052,18.83827606631744,1.6734606578129596,0.18512598502617933,1.2093494086952368,37.122024687735845,1.1898793622157593,0.10958762767173114,0.8638178951004692,12.836722459741445,0.5339284743579551,0.11100591390316941,14.45426253575275,0.2647392084553312,14.63456304872285,True,145
structures/rtp/177_axis-z.npy,1599.7,32.46525500839256,14.300918734762647,9.20029656318597,3.972472597412998,6.28545228083002,7.404115018854359,0.34428883293593077,0.4776324109071311,0.3729462817049592,0.49369586465063425,12.593245695372888,39.91961119844959,8.940833158901258,7.625816055720556,0.48444941752104803,2.217572108026717,1.325511217684456,17.7468343582929,5.469703029558345,0.39998525039534377,0.47660704273444177,0.7064307241402443,11.60006121325319,0.23009877849637608,0.7877658651743187,-0.014703857220030665,4.0635026229176505,0.09578168334394281,0.7955105277289214,6.446329020019344,0.47411694877894,7.647047305027447,True,142
structures/rtp/178_axis-z.npy,1651.5,60.494421948965595,37.34173545026551,42.005931184237966,15.36576003383296,18.088729975277747,17.22349498247526,0.3907892774586491,0.38156657981535813,0.3173773431144597,0.6348411861006147,42.92907839398549,85.78433844619154,31.499121698013983,33.97769266703576,-0.4256464857460281,-0.7095354122965037,0.26742638452461853,53.707665555659716,27.53207070420404,-0.7185679485290466,-0.4046218047039691,0.4348053714431043,60.851931405510626,-0.7155368427562155,-0.19364426002710977,0.17412483905582182,15.382000956700693,0.05121067745467804,-0.2564015662144339,18.095761066475017,-0.038418957188029415,17.231245694071,True,146
structures/rtp/179_axis-z.npy,1637.9,45.156149463228175,21.63847825093328,18.596748161307698,8.609291468865742,11.083742401265685,10.863747209428931,0.35172809621145157,0.42552195025827627,0.37254739522981467,0.521990468766704,21.66566886290984,57.21952131063212,15.27950251364245,14.770517440297768,-0.4620088206016122,-0.8391948011620923,-2.0740898142372863,28.980193015310984,11.84039604757208,-1.8084874804684126,0.062405089146479936,-0.6633227080588249,25.010473437220853,-0.18258643582944953,0.6933894075742418,-0.25549213198266435,8.744096745416702,-0.2188165125342381,0.10948268607799778,11.141975734471702,-0.04992161952020994,10.946145035962507,True,144
structures/rtp/17_axis-z.npy,1547.8,28.548655094132844,6.576904776236547,8.375675314784726,2.9675924659116024,5.514280273390599,4.575870132336303,0.42810557382580233,0.38138733181568624,0.33298044753022793,0.327982285050123,9.503923981446164,34.50583295720286,5.461833518151134,6.130195533283988,0.055521756860221885,-1.0371686501376673,-2.478286285649324,8.537802726758187,4.218638631862833,0.15342464109938328,0.017736835413628374,-0.4641932286289509,10.870344782458508,0.22484215010498637,-0.4084562203824481,-0.28690639847445665,2.993837710326228,-0.3192224727870925,-0.11492860760369435,5.594021450482533,0.10484221133172333,4.762958651507338,True,141
structures/rtp/180_axis-z.npy,1446.2,19.013831646016296,2.5519966577757236,3.2282310326781762,1.385186533976572,2.5452402020042157,1.9060586604561085,0.47646109743896875,0.40788888809999224,0.4507212111320379,0.20732680925075694,5.229201063931143,21.830806967922644,2.8005390909401964,3.1251985283003343,0.18404694352066073,-0.31120175223142976,-0.6429596035931989,3.801947891778254,2.3681553644702142,0.11440450802712551,0.027763441699713072,-0.07503295127669925,4.8422687482578946,0.2447715341319359,-0.2377052353832345,-0.02048208501127881,1.4024196521018382,-0.12037120557602804,0.01048145786255296,2.6375318935895273,0.3507796185779023,1.9727423590609738,True,136
structures/rtp/181_axis-z.npy,1638.9,49.58927679864939,28.874808270092753,25.649545312638,10.842376468020234,12.763103149939422,14.358355292877896,0.3920824066892862,0.37790807800161896,0.3471502479831471,0.6561703981175822,28.5087624850866,65.79103608488936,21.84842060586943,19.76572645414215,-0.7565136633016415,-1.8536634255364908,0.18354068699013593,39.733735224903306,16.529442529959727,-1.2995688466513815,-0.26621348942602596,0.7274052935850356,34.76691187604415,-0.582903319900675,-1.6120822673188357,-0.1589833733124537,10.886394884962531,-0.10757619579228471,-0.08515612205503953,12.905913640977655,-0.6685958685217597,14.416921746598167,True,145
structures/rtp/182_axis-z.npy,1608.0,36.60581537597233,12.047615061349918,12.184861687537268,4.582249135164616,6.886220637312615,7.671736998847317,0.4313890812402821,0.37509708065771485,0.33444037582343933,0.4435982189088277,13.642832753086374,43.77044291675754,9.075719715504393,8.535374733175093,-0.2791332162311817,-0.18797741711840682,-0.5515100257545761,15.551580477691267,6.40562852710871,-0.6228344394021365,-0.028378547644741726,0.24597522791891,15.430025431752155,-0.3381716586548254,0.17912217279323395,0.0040371869194299505,4.612364437374871,0.1605067767425163,-0.07901353464346449,6.901848911743168,-0.2043712249493204,7.695258708805339,True,142
structures/rtp/183_axis-z.npy,1658.0,49.65271240607986,27.4014475069455,25.18729169659112,11.107539802859188,12.628996744809259,14.002117082077651,0.3920231383536528,0.3708918370511671,0.3553358924951303,0.6445706718334181,28.285550234115274,65.80774738300968,21.40985188014861,19.652458686509693,-1.9199003336401,1.070458104241523,2.6807027847451987,38.21436656016846,16.806369133726676,-2.184554118707168,-0.1686774335113414,1.4609862830988196,34.810478763089385,-2.791314010751072,0.60645411487641,0.656867211054527,11.373812808305411,0.45174178743559057,-0.2350699306159375,12.84679878944989,-1.4954400302838915,14.308790666134527,True,145
structures/rtp/184_axis-z.npy,1675.5,59.379334747475184,38.136992836329476,34.754259903663616,14.186171455897309,16.087055902302403,17.024097286049365,0.38395449817892624,0.3878529404461502,0.3422299267805358,0.6561199713165117,38.342956740680336,81.58499121589311,29.65015131616169,27.760888181617855,-0.48480424747622264,-0.8999410307828185,-0.6547491260397282,53.50456462918763,23.40922698430433,-0.804385708016322,-0.2722317696735443,-0.5806986295161141,48.35652185687456,-0.34460126219567805,-0.350883251147035,-0.08749763474403544,14.199462201324225,0.06550713853949455,-0.11796747330528692,16.100087861179688,-0.20711815860270472,17.037742832669704,True,146
structures/rtp/185_axis-z.npy,1660.7,57.48721231035668,38.88713347582736,32.34454757977297,13.946070580032318,15.27076930989351,16.947532764431145,0.3736159460024365,0.3895238400006178,0.37066430768408526,0.6920268667705921,37.89412668841467,79.1272524454432,29.990754697994564,26.664361809413567,1.3647393078548689,0.8712396519484853,-0.672502622644215,55.40411903101361,23.77149523817548,1.8235976200207744,0.5617304814351576,-0.5769058691428287,45.66254522810805,1.9310287824378645,0.19179857687174695,0.08069378666918069,14.054353313581377,0.19142135564508053,0.390004347381442,15.311592764921343,0.6693039346020037,17.00188829012357,True,145
structures/rtp/186_axis-z.npy,1574.1,37.936591612337686,10.763605764106487,10.201528667292667,4.841736263452492,7.211566947707873,7.0598618977092675,0.3838072072512644,0.4484086113767888,0.38131386091449665,0.3985341199019646,13.719013588406314,45.09759019984657,8.690113550650747,8.786442724586218,-1.320870777975466,-0.4106432998997116,-0.10715838663728561,15.28000712631974,7.00549007029486,-2.6825331928375786,0.026579149178490934,0.31244752533487363,14.129432278426856,-2.0145846321859096,0.19255646720222713,-0.059988127850058415,5.378453674926236,-0.1149157694666677,0.01942522950309076,7.409868746162784,-1.1648521779991368,7.2548108321192935,True,143
structures/rtp/187_axis-z.npy,1618.9,47.27163256036481,22.768253221965438,23.32402714835347,7.629196112360837,11.602547772008947,11.710997390545538,0.3917759421071067,0.39194160137885603,0.28416487866780693,0.5354696099115637,22.982508575694414,60.03580172442094,16.074794228254646,16.197138802653445,-0.49470153543483125,-1.3181850253068954,-0.24298832141725377,29.477135875011303,11.482464044610097,-1.7601823731171136,-0.5370150123257309,-0.28610172945497697,29.8208454307811,0.20827118543737005,-0.09408983924300608,0.09528572554570529,7.7981790374578335,0.23762807131522007,-0.5607194688573315,11.651606275193458,-0.33272197727879704,11.769891767645746,True,144
structures/rtp/188_axis-z.npy,1577.5,39.78430125077011,13.62650882835807,10.95400433148562,3.6484398247633516,6.368751517919285,7.441478442887967,0.39547527291190865,0.4175311235958491,0.285974204242907,0.41065966177762553,13.543934173687473,47.07129334833626,9.061721787720131,7.695857014537447,-1.2630587018123727,-0.2990828712736921,-1.9758888378685793,17.161553577006153,5.3925371365502475,-2.0347891417957933,-0.26847095453496334,-0.20787263894467178,13.362328760229207,-1.4072129664312463,-0.1795501576570653,-0.01879865120286013,3.9485045191064043,-0.13243393041592155,-0.1112467947301382,6.611057850309928,-1.3145924361152117,7.804498900697537,True,143
structures/rtp/189_axis-z.npy,1641.8,50.759069718450924,21.575949572082507,23.46774282429605,10.441952870510642,12.616597950024554,11.604785252576765,0.3813958386848324,0.37953608745697065,0.3593987563016964,0.4972864560938435,25.50977691102822,64.30041567305196,17.13120866643806,18.476060357392676,-1.9031059639823504,-0.5794669515126781,0.978124357872274,29.870062784263713,15.201813815684424,-1.9326218351490128,-0.24712458681568114,0.7274759433722512,33.799348062907946,-4.121111386642324,0.17113569926379357,0.32616397876065734,10.958221913306236,0.3120281300562294,-0.21189297855051392,12.743394130313657,-1.1249283549716882,11.728303894537959,True,145
structures/rtp/18_axis-z.npy,1552.5,30.78946494970925,12.299831660615544,6.168074413243649,2.9251876514200412,4.88196633679323,6.028012271308845,0.31170843171988005,0.5529062094449269,0.4282208343735079,0.4462495929155046,10.97291583543023,36.598792784137025,7.779367227287804,5.950768181840355,1.1597861665145268,-1.2649426558234542,-0.44517150727243254,16.872194375138804,4.877382861370154,2.620360262936889,-0.47508915845332667,-0.5169387702554985,8.070218818599612,1.1763602897884888,-0.5157354351031835,-0.1411469461430127,3.413057638353209,-0.13956840092162567,-0.6516592523130761,5.162476336052929,1.2128761319081527,6.430328461401327,True,141
structures/rtp/190_axis-z.npy,1473.8,18.313315458361167,4.145841660558941,3.249135335754711,1.445065060966906,2.1968879026537236,2.9357044086756927,0.41492636011201645,0.45326522764054467,0.4796800104118809,0.35615423662697054,5.681304682932364,21.713575573810925,3.6417737186821078,3.1852728168077564,0.40374824075843657,0.5643956540990833,-0.9460915677959958,5.8692792427646125,2.6102500748661983,0.5809188299538058,-0.15558339708539226,-0.39845401228630645,4.674294109103616,0.6484483434673668,0.1924107508277328,0.05047782715166884,1.5496106468262882,-0.04387938644870361,-0.09294097455248661,2.3891490523991545,0.6953942501444289,3.2181743970936374,True,137
structures/rtp/191_axis-z.npy,1475.4,25.5352324014536,3.4747595844382397,3.354604209934087,1.8922555382522035,2.693336495715165,2.9049577402911684,0.436074422675342,0.3943152501948073,0.5422693561588102,0.22739229772021505,6.571425800756868,29.133762768800693,3.4349350610464873,3.4309266477983558,-0.019089395149072413,1.357385935871191,-0.6230106959498007,5.297368508960908,2.9421373098654215,0.20412641518347865,-0.059205778390632756,-0.010393601321690697,5.095702891629686,0.05879141829335042,0.2759802063181246,-0.076543538908399,1.9053802346224031,-0.0995856032389572,-0.052342759141044755,2.7866664432126136,0.01274121538429628,2.921857740591078,True,139
structures/rtp/192_axis-z.npy,1394.9,15.502138769026125,2.026336285784224,2.71409849987472,0.8510705611787469,1.7178675215208037,1.0387332627035333,0.4297038012345939,0.4138955838359995,0.42620181760009257,0.14541681133290785,4.217766828957104,17.7355730895053,2.078370435458401,2.5823297596771,-0.2893193586249329,0.44570461946322326,0.3228390636096648,2.962818215438557,1.9095477736579858,-0.2220000369218316,-0.01019319233274307,0.017886760780468802,4.121014218083101,-0.41771619943074173,0.0426040551758172,0.05810830093944221,0.8983210733802033,0.08085883259480356,0.0009584581250361464,1.8935415188642355,-0.40881535642792166,1.138410242172321,True,134
structures/rtp/193_axis-z.npy,1557.7,31.1639364793132,7.395947339371197,8.797506000053904,4.0192738724718495,6.483969144192056,5.433527197253535,0.40214944996805807,0.4332421306732105,0.37964714729635757,0.35503186191007485,10.79397232412564,37.07111887126023,6.32263870640599,7.3729030528878114,-0.2842339299954213,-0.6695574516989637,0.7067339409010732,10.042966654813487,5.2654346724126535,-0.34577377439521795,0.18024616420221548,-0.015820075635455726,12.109712527644126,0.2575582982445028,-0.16159952429243582,0.07958879992086805,4.058284830531823,0.09390423188201506,0.11592802270882636,6.518468292738125,-0.20948617280073176,5.458345081916604,True,141
structures/rtp/194_axis-z.npy,1635.8,50.50545661910088,25.375868417548116,19.722957674293603,9.768643375993996,11.094305313892887,13.19882962291474,0.38430700913069027,0.3968235950117614,0.40663577508029586,0.5847587497977452,24.790286050535332,64.25373794823072,18.910526490454618,15.948775272478366,-0.5672847881989956,-1.0522121669124007,1.1512209448982187,34.687345569603266,13.89855298627523,-0.2244664338242381,-0.4268392808384954,0.5160163569119083,26.65578143856758,-0.9264028106605129,-0.12629628409267696,0.22469748136118567,9.820445574329261,0.22591864167010828,-0.4207740098717141,11.134228876821766,-0.48474576527292706,13.257419821931975,True,145
structures/rtp/195_axis-z.npy,1631.5,47.310802936922244,18.617703028088183,16.22344675156324,7.8731730318837085,10.241124334568433,10.335332064670125,0.37086230620142874,0.41527986351340146,0.39848289854826746,0.4684393459738923,19.915318754116015,57.97353012807249,13.679123139830239,13.032049298983699,-0.3482653521808117,1.4260610267872156,0.6330186432004902,24.885219827505384,10.592123332909868,-0.6907573169001857,0.4856394484770623,0.009657019903276552,21.772527288018633,-0.17940045341476282,0.6517256770874424,-0.018587296576340822,7.916264268103574,0.044511050106306564,0.4855881106453534,10.283178151625107,-0.07202289898945002,10.374621519936802,True,144
structures/rtp/196_axis-z.npy,1506.9,25.682691961616484,5.527176646766482,4.906296497250274,1.7842541825999834,3.2190958647083283,3.5427841547251893,0.38121816243016204,0.47825782069332445,0.3561206288514347,0.3146247948764929,7.543458197223312,29.431257759919486,4.438596876148163,4.213369089033471,0.8505917339282502,-0.4885178976292592,0.39355466479304957,8.069374236424762,3.27756716901491,1.7177186909178872,-0.1701660664789499,-0.06875061558239379,6.531425510272465,1.0396833715725151,0.0255291078434609,-0.118444636765453,2.1824557564168883,-0.08911069014835579,-0.19709749497863363,3.562619625067083,1.1304135271636573,3.93165540198715,True,140
structures/rtp/197_axis-z.npy,1421.3,17.37684106309793,2.851199542795931,2.4578641615384726,1.2694266790469535,1.6472164836564656,2.19768329558345,0.4338690724604349,0.4357425008598083,0.5557433500557143,0.27612314449945125,4.9165853876319705,19.953523509641006,2.9711330965953717,2.6533781325341064,-0.2938072454723945,-0.3396384143089079,0.5744673218426297,4.556292016650908,2.367116690138266,-0.5949387967184724,-0.013653564442317915,0.0676077976137888,3.7561971238603307,-0.3049397020583681,-0.012854222941578154,0.07555971214718762,1.3508940258055233,0.06936531737116144,-0.059358523296275195,1.7531744883203693,-0.4852699880429523,2.344615520983748,True,135
structures/rtp/198_axis-z.npy,1471.8,20.67801725242529,4.93876021625706,3.1282438482948174,1.1597461644404188,2.005836909659048,3.097097132847403,0.3571985036987073,0.5351655886273451,0.4832733309650383,0.31707029665400216,5.734088506502824,23.631689016763996,3.528323589990357,2.9559615269983404,-0.09869796692901961,-0.30874833468873847,0.5992101242624498,6.419528838259205,2.254019206407337,-0.3178810268449893,-0.17560123103224665,0.3338826744742642,4.078970056710145,-0.20588146558320483,0.03527336141707437,-0.013387874728637235,1.1880037678315596,-0.0032814562293672837,-0.17680526628268395,2.0378121448634268,-0.2740129500734142,3.1870900198054644,True,137
structures/rtp/199_axis-z.npy,1430.5,15.614604634040191,2.657897479810547,2.9631800199345206,1.0547363034734925,1.8855762703598227,2.0005813296722397,0.5098133403497453,0.38826128369058344,0.437010723129709,0.2617909025851062,4.66040083319363,18.833628845532928,2.8467530453279815,2.6757892321766734,-0.08463853973579372,-0.4570962697538152,1.2120773801794722,3.8107909860853377,2.0463817825764674,-0.024679467776395507,0.006980575821817883,0.21004171483243902,4.161339546962157,-0.031187996593633457,-0.08889063480115147,-0.005447144070830616,1.0552266348574362,0.004965972838286191,-0.0020845582936313473,1.901156054699337,-0.08013819491561719,2.0926093226258224,True,135
structures/rtp/19_axis-z.npy,1620.2,39.443096563096184,11.823600002188046,14.040775516753202,6.667375659251747,8.635125137413107,8.199421145683068,0.4295222856292993,0.36974403495373925,0.36653242047292806,0.437705197925709,15.697929094324223,47.92164442345274,10.034221673191803,10.627185864171395,-0.40895207503064074,-0.43553962267968693,-1.1811450039611588,16.206307644669536,8.371737875153396,-0.2504700622671505,-0.2347063112645739,0.271174337519796,19.08711895576254,-0.009401559419149332,-0.01739709706828089,0.1624139254586068,6.681250396921437,0.12536911938419956,-0.2073693414879426,8.68044372681361,-0.5435597013513376,8.291760936898987,True,143
structures/rtp/1_axis-z.npy,1526.9,22.839502626274655,5.828049601466907,6.291802019069964,2.14651240737726,4.295309586176785,3.7052607597845757,0.4038174963298765,0.43529167571392674,0.3314263392481539,0.3381965971609872,7.531942540886998,27.072391823338805,4.491130728954128,4.854596879021122,0.3121315314000995,-0.39401700146673924,-1.158630819606878,7.41258860707664,3.2237944605251876,0.2378026796708577,0.15354798196161948,-0.47862042040767927,8.163458300566665,0.6167691329246618,0.10948386201942965,-0.07477465374312321,2.2067392253860247,-0.1378542534732531,0.1630455892652768,4.354352401510693,0.35889063925658654,3.8184528308623435,True,139
structures/rtp/200_axis-z.npy,1544.9,27.01638818645152,7.043737529224446,6.853060753604729,2.650122991540248,4.717145572424312,4.713815347680249,0.42206156558582186,0.41943016612696304,0.36592987140618094,0.36129164889920284,8.716332764052046,31.64170900570241,5.4308529966408,5.273424065671351,-0.10224087636711655,0.18412604736656987,-0.7670951855089079,9.100646875236409,3.7627573496853053,-0.44217803976145525,-0.06304472180332123,-0.11915258729438469,8.77057017153467,0.14423038549373493,0.04152148817295475,-0.025324365962385596,2.6895367054065797,-0.1034255321129881,-0.04436375095428072,4.724219385867552,0.018435856584271125,4.734881693286724,True,140
structures/rtp/201_axis-z.npy,1636.1,42.64729226815098,23.94263431127108,11.992523167663718,7.4873833114709365,8.173799088080647,11.981040127314838,0.33876557450961836,0.46029230150763917,0.5231528022158239,0.6408487169408708,19.748237415835806,53.49480941691295,15.918349239657966,11.215538812271287,0.5694398647390841,1.4715319515721206,1.1334866870589333,32.60038947926204,10.447631529048609,-0.7292426659328504,0.2521558609653224,0.6264603912546931,16.475898684391527,1.4267216734079278,0.44710983526562753,0.0848606939556832,7.720327422742238,0.0866624627600952,0.2415923732466906,8.231290284079906,0.4181802402787564,12.040413145886792,True,144
structures/rtp/202_axis-z.npy,1649.0,49.91649607595535,24.379293583767105,22.125044284824025,9.322054532830489,11.59220347977241,12.515171136932715,0.38004878201917874,0.398896855834741,0.3519157060268076,0.5554151171515278,24.82837529006138,63.54438149212888,18.03847558396755,16.922203935762806,1.1632058452540202,-0.557387088617494,0.34705674639618345,33.21460153854235,13.654957475157607,2.498655023182041,0.046401419635913224,1.3733906429579388,29.465120590105272,0.6800383361059985,0.2885068921365259,-0.00816176088454988,9.517278368277493,0.020037697180592343,-0.049302575509393994,11.649576459629548,0.7468015000114168,12.63733403053391,True,145
structures/rtp/203_axis-z.npy,1636.4,55.272351461488256,27.32791972128246,33.98360543788938,10.116797208480973,14.656852145488179,13.621146939551101,0.3959992592406525,0.37701449711747675,0.25920178160725,0.5312217614940272,30.423875480201982,72.22924224364598,20.581740020455793,23.31694444235032,-1.4310905599228751,-0.09310731860056766,-1.044817210012471,36.3793137869129,16.381671677507118,-2.9637339887649783,0.3245935093489992,-1.2808876445456308,44.6456110106325,-1.0186812990372427,-0.33232886490791996,-0.2670291418821559,10.367533970447235,-0.05945888886678175,0.3996403130459887,14.706327315806746,-0.7563427739810764,13.71813855388489,True,145
structures/rtp/204_axis-z.npy,1626.4,42.85680224710762,13.085319330286168,13.011641364764028,6.512274594993115,8.211534171837382,8.711050693576919,0.4170066644103435,0.3720946695000908,0.3972444273552026,0.43718774919994635,16.145052391577476,51.27757142094666,10.707116623818687,10.09810627994907,-1.0313633513019749,-1.3812414066230714,-0.5862796232660447,18.130126029035537,8.371273222379797,-1.6783384032716375,-0.09950722357541164,-0.7790897355008338,17.544781821919987,-0.9668374738101251,-0.7842753428034823,0.2175846253762588,6.690862073257768,0.43103781774186206,0.04883171844119059,8.39452771222642,-0.9158774227957827,8.868452908387273,True,144
structures/rtp/205_axis-z.npy,1657.8,49.86543079581172,19.95336192998295,26.73693389151882,9.139864682902958,13.768001441869988,10.690231021910058,0.3895561747395565,0.392501051502308,0.26882921291393547,0.4553465983875802,25.218869795007738,63.977813422789694,15.791745474902243,19.82882016032386,2.662976319564446,1.1370197120806775,1.9186954215435197,26.86490536599574,13.91487452114983,3.5608323203765613,0.30080163552987976,0.2814962585348576,37.056229053532356,4.365080029332334,0.8565776671525633,0.43914338087230287,9.846782157845011,0.4141827181804891,0.435748612547653,14.072093803993207,1.740812051728099,10.970681064871679,True,145
structures/rtp/206_axis-z.npy,1612.9,37.62504178293829,10.645611173081257,11.734919592120319,5.352348430534779,7.597729347478765,6.91894730938186,0.4053170245694304,0.38333823270723427,0.3740091254320171,0.38186129615896997,13.699772772585991,44.80757270912407,8.400340356161152,9.016988522575229,-0.0008347553663047048,-1.640218694764336,0.7722805720270575,14.17434564389676,6.849965676667328,0.1855845487318555,-0.07813475194690388,0.1718465767779029,15.781447489445673,-0.1735653901317175,-1.1518053200320113,0.1858276058068434,5.376378152478334,0.16715592440223073,-0.30154082905676516,7.738731183627638,0.08509562976507262,6.951256467931603,True,143
structures/rtp/207_axis-z.npy,1610.9,39.16450163465609,13.785352777291724,16.729006283671165,6.530639439021513,8.711356381110653,8.850093920722419,0.4230392170990066,0.35506028736772577,0.32030467113664307,0.4980792328234345,17.066566431687143,48.74761870515518,11.511976774982458,11.641718714193964,1.360333575141187,-0.1867751490130452,-2.5103158937668986,18.852575919662538,8.888697525762465,1.7660890626835495,0.056662695681086506,-1.348061294459844,21.914117230488806,0.5575235754491147,-0.3579124483470357,-0.3773073838960382,6.7408698281445405,-0.5252899631952043,-0.02428236440738888,9.00066057596846,1.4516964129641923,9.273149983134271,True,143
structures/rtp/208_axis-z.npy,1566.1,32.682550373376344,6.103944324273367,9.165693919619326,3.610833289754173,6.552916304596378,4.536271604126268,0.43276922501839743,0.3880696740177955,0.34271447682700357,0.2813329044044722,10.291078917004699,37.76723695632881,5.40607202480825,6.920295012392974,-0.12687386501939363,-0.5313690145688458,0.34377929829267956,8.208308551793198,4.788935127282199,-0.18330625581736165,0.22202770611187167,0.14153013025651762,12.413560415953418,-0.03883121065048477,-0.4255926754385176,0.006361624872635133,3.6237616260619574,0.03452354991798457,0.18688660003121524,6.598439372491663,-0.041098305753940814,4.552130260048416,True,141
structures/rtp/209_axis-z.npy,1398.3,15.660060940832386,2.914410854002386,2.6406047871848344,0.703603862542866,1.5246776701417317,1.2645425282493985,0.32532054248780784,0.49913105909083916,0.43911633947249734,0.15367211303756975,4.2896164504846395,18.782454836771805,2.1244747462990885,2.4547940035242157,-0.01642639880348746,1.4617062744988591,0.03904070691817372,3.780422103072249,1.6813449155961682,-0.03939678221926731,0.0670737960427932,-0.022836071706860524,3.522443783678758,0.034958325823048905,0.18372482219864858,0.003320268624285922,0.7122221727857517,0.008147674024105617,0.09566767351599373,1.644406982867665,-0.054445985431026446,1.2799334997203549,True,135
structures/rtp/20_axis-z.npy,1636.4,53.18392451897653,32.88731442752447,29.11653432100328,12.354411308027183,14.09915206185918,15.113072068345643,0.3787221214466085,0.38642466496333927,0.35245994138733266,0.649068538847578,32.37129767015959,71.41020164615819,24.792016356537907,22.8441958298097,0.43740785696865603,-0.29290675076650924,-0.27287703287741516,45.60023450172085,19.49497783007303,0.7757012455519128,0.20329291847433734,-0.2729542616037857,40.068862850716016,0.40319339873762283,0.48805877524600133,-0.5629929793370841,12.38814867817899,-0.49012358493456337,0.20051631517635193,14.135175505949173,0.24290816191945847,15.129198704829744,True,145
structures/rtp/210_axis-z.npy,1466.7,20.00838400376076,3.3633478136054493,3.2960702103826027,1.1089117657112686,2.3425686782991133,2.1351140376386475,0.3820546189960664,0.5017087472018118,0.43299677631589883,0.22187066058873797,5.400834452862991,23.061185981962044,2.8954708575377808,3.093290798386792,0.05897573613708195,-0.7621291068361107,0.6042631947594609,4.680580339090059,2.1960811903025483,0.43948526766428864,0.008760792429145915,0.30303526017705223,4.496058062260577,0.2113674614852781,-0.15907775533534865,-0.06449589522249463,1.161734437470615,-0.028028842268483775,-0.11908871315016772,2.4170439434485376,0.3015555008533801,2.237090267950158,True,137
structures/rtp/211_axis-z.npy,1598.2,38.7425807315322,8.188302839898304,11.302955580893233,4.314805152289472,7.394328811487434,5.37003972703982,0.43517356921251577,0.3652458462719964,0.32722367906185695,0.30962350910834363,13.78734161037029,46.003310203809825,7.310261477588839,9.880377780689345,2.1630142997380033,-1.9437654393320822,0.6424998941071538,11.175518166261957,6.967464287580458,1.7790184477487199,0.14009766766827542,0.13043592480818,18.591039031543545,4.553177226845136,-1.0186725114951674,0.2150317547448568,5.449374645108959,0.13851110984865284,0.14778309995512845,8.418834568371127,2.2169299329252943,5.990138762356334,True,143
structures/rtp/212_axis-z.npy,1576.0,28.022796441082075,8.966180937051575,6.737226250352499,2.7013341758167484,4.6341807568567335,5.228702766963252,0.33175362108147327,0.4857042709404376,0.37910406832605076,0.405510899697477,9.482882770894806,34.46293143871047,6.224655524431715,5.481585046828528,-0.6488128044006095,-1.1986171981260119,3.238840035340014,11.385483044239106,3.803017705713783,-0.7559048161526682,-0.08980345606795112,1.1442813529602525,8.479013901155616,-0.13123364280142416,-0.44443330038496115,0.08773125498371452,2.77334053063866,0.27001203295600795,-0.26146581711536926,4.806878064211769,-0.7967950793386538,5.7254643359523865,True,141
structures/rtp/213_axis-z.npy,1498.6,25.299844621737133,4.715849146408586,5.7826873587024945,1.6525084107313097,3.542914430599043,3.2300287958675957,0.4770858048592665,0.37572505276106416,0.3283957595307706,0.2608025309750481,7.056276338581334,28.851570244255186,3.866507312196712,4.082094520821337,-0.16374185038889377,-0.735009084698282,-0.3025488776018525,5.957495520716912,2.736743169930218,-0.03541178319842193,0.019213596461264217,-0.00039265961350764997,7.326731276363374,-0.3558195873912737,-0.28255689969932024,0.1887640480487701,1.6828897782960832,0.2161337746884909,-0.03666502176981918,3.6146861205501426,-0.24351613147257142,3.2580838246258526,True,140
structures/rtp/214_axis-z.npy,1501.7,20.75246620227134,4.476316060160874,5.486348305548163,2.12664381738576,3.8494518372504145,3.367861171748485,0.448021388738201,0.40672384586415106,0.3711856285862589,0.3349449805699852,6.834503620676605,24.504694019148886,4.084589180189041,4.447895816305573,-0.08222818601016048,0.21724564788973322,-0.704551733530028,6.102680861674662,3.1833856742901756,-0.1630041988878794,0.2891409673299405,-0.3348782900417505,7.471416363696318,-0.2552633732239106,-0.3068011834287294,-0.10260846753849329,2.164944972696875,-0.2541730474017843,0.2046083030211471,3.9346892429033207,-0.13080786210965561,3.4198058092612325,True,138
structures/rtp/215_axis-z.npy,1670.9,61.150140429910785,40.10437293566775,38.810489730595606,15.33614341001491,17.528029569482698,17.641337548799022,0.3825348872114471,0.38927493686381043,0.3457082698193,0.6617785051406782,42.980637556597195,86.45415399968896,32.9943732529221,32.43996460616054,1.2880554685198904,0.4770152559269223,1.1131797324581258,58.041057181858584,27.646265430368768,1.7086882787025608,0.279721784579245,0.6771722032490552,56.16932024892438,1.7328071442288753,-0.14513504890787318,0.1929652482081806,15.410693778742662,0.03551332806002521,0.30031029180620344,17.558550767436646,0.6657239409530867,17.68926689387189,True,146
structures/rtp/216_axis-z.npy,1579.9,40.04206596351532,16.25845349371288,12.982229335813404,5.561911588477427,7.165272199986916,9.74278494218215,0.4054190973762813,0.3719441033655103,0.3812209317738465,0.5331528597569318,15.976295830748192,48.35149557834459,11.585638001675264,9.398075722898904,-0.006356350835138352,-0.1275003775381475,1.393652175605152,21.41994108289745,7.6633421624896965,1.152778381110727,0.0291275194504524,0.8118583329611512,16.721114041363982,-1.0552215438652803,-0.23961178619089127,0.6698299062789018,5.851919744610758,0.7577790871751793,0.0608192236129371,7.264379023121779,-0.00931639016997304,9.800911054208656,True,143
structures/rtp/217_axis-z.npy,1643.1,54.15755652135545,26.64259439776687,31.988843939633878,11.221599087720605,15.220837316630929,13.28194329258069,0.38553606588111305,0.3861792053868318,0.28915247481650325,0.5321481022148258,30.762551131055798,71.5813868881936,20.81209847317549,23.95992653121949,2.4869489341998072,-1.4260638102011893,-1.196766816704055,36.03519878547598,17.73224881115391,2.7688280634851212,-0.6586998831862455,-0.6402693885700121,44.237826874734836,3.578692356883273,-0.44241179736448344,-0.3057372894078905,11.599868567616186,-0.1965059947740997,-0.6515554924044648,15.448308096986642,1.6536381096665709,13.508390240424516,True,145
structures/rtp/218_axis-z.npy,1447.6,19.21647382956124,3.417820788833724,3.9543626701598273,1.1920535368866207,2.4550667445020165,2.4231196326143905,0.49619386844833957,0.3859969173112077,0.3814372883309454,0.2583690323809223,5.484469666816564,22.292084732243094,3.1587054783938733,3.1828734301048462,0.1549950872866517,-0.298085205390169,-0.8279359105509734,4.563337239587019,2.2771166004970915,0.06458572171468903,-0.09579291458305116,-0.030861773208987163,5.267414011527335,0.28169583562912004,-0.06970994607112012,-0.06295025029999454,1.2126989861368296,-0.0440933385885183,-0.10438670635039816,2.4688068636719747,0.14959697964593524,2.471736341997118,True,137
structures/rtp/219_axis-z.npy,1678.5,56.376812999672644,30.717697619212686,33.96455715597611,13.5560855306621,16.052952538002376,15.661346002855268,0.3967367876904575,0.37623848600515414,0.31190148111062094,0.6250912832413151,36.13508286593801,77.2259508337297,26.176920535915972,27.71087778453338,-4.445617461057236,-2.173949711371865,0.6314149289418637,44.7622363138019,22.834502357160513,-6.096050906904587,-0.4135847619369546,0.03724251167219996,49.78295729069075,-6.613556138871247,-1.7023174533901206,0.4035026745651422,14.716570473091748,0.4638083967430924,-0.1168909232853996,16.446906722072498,-2.188951278561327,15.955151928542579,True,145
structures/rtp/21_axis-z.npy,1670.9,54.81460726430171,24.59946689360747,27.073148242733637,10.668824669083849,14.02857269924146,12.93167919758944,0.3870175700111602,0.3912025029107851,0.3238498604352652,0.5147266653295424,28.887434749398047,71.04796727856103,19.731240531691505,21.587025221453832,-3.042728662720234,0.4989368665312077,1.8496026795764653,33.86828313972042,16.8355429560304,-3.3501911528407287,0.08177122122710964,1.0293567098043483,38.7630449079495,-5.159838179773211,0.08557632669643878,0.21863638324269835,11.404359604397458,0.02541962621930581,0.04859129257515852,14.256192534118822,-1.7015625406964323,13.207043817021743,True,145
structures/rtp/220_axis-z.npy,1560.8,29.724406133692202,12.241727637724681,7.492988161104876,3.971299994434953,4.757203037871974,6.3394495487616656,0.33432372124793824,0.4484356460840306,0.45133876878557116,0.4675088484919105,10.931230733558387,35.020097848231885,7.563738337500056,6.094810534138518,0.3969575737509732,-0.010651494478186413,0.48215017123565324,15.650235603190039,5.266024572698436,0.3150851112679339,0.27383528068859087,0.030766015144102692,9.861596261929538,0.7643288011902458,0.7303340642570068,-0.03173956253317923,4.046033477690242,-0.03644910727608824,0.27318075931944863,4.859001688628064,0.4792377889204591,6.418045509321076,True,141
structures/rtp/221_axis-z.npy,1509.2,25.610726966196154,4.30717618850875,5.501113780389928,1.9279898878456132,3.5957016615004758,3.007928650006573,0.43450830497672704,0.4110302156171655,0.3800666890876533,0.23958394698999466,7.338736603122527,29.661859452860025,3.960622076179361,4.401839422827996,0.06177798097875958,-1.0001478710126253,0.9312493167540786,5.928517019054084,3.145557515488457,-0.3924940186584246,-0.14707610778880226,0.4910153550860358,7.442214927197001,0.0743495600022396,0.24772114380070542,0.16715058213232714,1.9970262790985833,0.30298156162819634,-0.14558518562469597,3.7078572318264666,0.09214035044574073,3.0788019466159646,True,139
structures/rtp/222_axis-z.npy,1519.3,21.51311159280465,4.426876320323203,4.217074792885625,1.8335835510010352,2.9728833982163563,3.1108515112210915,0.4494793836206043,0.38172064789006127,0.41917104917518266,0.30489778769191794,7.116870946222103,27.91519630100282,4.212980670541247,4.117538068438804,0.45917836557083536,2.0710778617159122,-2.180230403313443,6.452408145036057,3.272689707383458,1.053507903315684,-0.19625925413588835,-0.5532233407808196,6.477817177233036,1.345035010432802,0.5516351409426113,-0.022403821364690563,2.173484333916536,-0.20185013948735642,0.0008206453344691751,3.5260688645428138,0.8676887936138165,3.613376554562266,True,139
structures/rtp/223_axis-z.npy,1650.5,51.419250240079556,33.844961237525574,25.73730324604977,12.036963565920944,13.920582318579077,14.990690667122971,0.35675587949384474,0.41683566593716,0.37879663323431234,0.6706302875524028,31.145311575426327,69.24542893160671,24.41777066949391,21.45253378992164,-0.7964012866603535,-1.575683489936331,0.331264620315283,46.68464084004131,18.541746736922537,-1.1704367251190044,-0.19897766764501673,0.4747533803897048,35.553632014512786,-0.5159606055773955,-0.11401115609517215,0.24931823237686948,12.073315432278074,0.22260852703136957,-0.2396991662266375,13.995543951301379,-0.6693817382181935,15.031392675310778,True,145
structures/rtp/224_axis-z.npy,1650.0,46.23797991325021,14.76988971574697,26.102978423810622,7.1981274464793445,12.904497384945289,8.780740681065408,0.4016467434460088,0.38605903437689737,0.22010487299573103,0.3894879357973293,21.013482212413166,57.59348476062035,11.734571171045099,17.13034081677815,1.7158802585053252,-0.7825987438588701,-0.7093927334509887,19.52519817553082,10.207920718486285,3.0600297820573856,-0.03433488018570587,-0.5913580947994309,33.856991562948245,1.7651826424204304,-0.1283201751337781,0.033831730807653164,7.681591517670818,0.11898094207055408,-0.1723802560400127,13.09737126123728,1.26870277485494,8.93074679595588,True,144
structures/rtp/225_axis-z.npy,1646.6,51.881817920463334,25.608601380331404,26.169048596386492,10.322431764665087,12.740370220161301,13.471554699044457,0.3947955847892947,0.37284532119063457,0.3158967217311943,0.5805523481808155,27.783701822022877,67.41815709964256,20.10641625542776,19.649945920158054,2.6610697277462045,1.9676319028212832,-1.5870066231778164,35.70088551307405,15.9351656071581,4.2848141921922585,0.6212987101697269,-1.209940612951077,35.55121822000144,3.386740698767048,1.2699026949330385,-0.5262790520936634,10.963254025707714,-0.3558960021801373,0.4536130786802607,12.999121956296785,1.4162995034755956,13.733471121815548,True,145
structures/rtp/226_axis-z.npy,1579.5,37.4972164769515,7.028011883433532,7.858301486485892,3.622820427781626,5.768174756283681,4.908737490949727,0.4364889026436694,0.4140050405990194,0.3583362163919124,0.31943775907681576,12.291357882417309,43.59519313610664,7.041390036265283,7.823034045431649,2.321335084285498,0.6597569348746535,-0.3166348149614038,10.89774949395872,6.576879397092816,3.1314810374486,0.08891538478538175,0.11230627262767517,13.246671354110918,4.026454026324852,0.07987387779955377,-0.21907846824151866,5.024587342038736,-0.07386997227851916,0.010878855753983166,6.858497501433842,2.5002050452771996,5.8383324739742415,True,143
structures/rtp/227_axis-z.npy,1616.6,44.09711623898126,16.6852456613319,25.266278788354832,7.446376797342813,11.071181413514967,10.225758943079793,0.44841928904186706,0.33721429839274636,0.23784477826197215,0.492562104395478,21.07403613130311,55.70917813482025,13.383177568723127,15.88575047862371,1.2118451420579675,-1.2534163338177517,1.4963183672541018,21.621676516517855,10.534486059195196,0.6070817515921608,-0.2729124629702273,1.5734248111341214,32.72864231730582,2.3755980843292916,-0.014170456666423963,0.9058472550566636,7.692829549144009,0.8462529364679223,-0.16975548338096924,11.27657170744612,0.8344004387173375,10.424091954740495,True,144
structures/rtp/228_axis-z.npy,1614.0,38.561570740324456,8.83289398411532,21.37848177469121,5.299965982623427,10.640514175060309,7.537771134610888,0.5637074037575062,0.3208600276641517,0.18417091576170616,0.39932541399785004,16.844659733568186,48.05486591609713,9.080845643090049,13.751217926254862,2.10365771964159,-0.029078206207342,-1.2423801107486667,11.78244549366965,8.00080991667472,2.0183586416074184,-0.06072975036160078,-0.4548065045137827,30.09887922030764,4.7598485313469086,0.10275249789701381,-0.12300134007150577,6.118759441967693,-0.035317396136575245,0.033115020539611094,10.925323581535059,1.4839790906230361,7.781658390339576,True,143
structures/rtp/229_axis-z.npy,1651.6,54.83011393423798,28.440488017162455,32.47051652683868,11.45149354033782,15.421362080692454,13.266098740628399,0.3770286618498808,0.39307563892134534,0.30181331488501056,0.5206958590397984,31.452025269840604,72.55136245238437,21.523248781597058,24.312810074952576,0.28769109090251865,-0.979221488681713,0.0029271069257271304,38.13963656694643,18.118721933978225,-0.2707194442622223,-0.4083247124644361,0.12353509491656128,44.467666828178885,1.0341806535021933,-0.08742176172490014,-0.08760730326803953,11.504695328230593,-0.12803736902178436,-0.4134193402645339,15.443047673572115,0.23423416282235135,13.28506374149554,True,145
structures/rtp/22_axis-z.npy,1552.6,30.995544071449572,5.19928736828359,7.696958370473218,3.090138917381846,5.547363388575877,4.008671975764083,0.43792299143954827,0.3758181793104489,0.3539936589922574,0.2764948607055786,9.606315809277653,36.70286451861684,5.05898434313163,6.208431044782861,-0.9590443903628989,1.5327516856446974,-2.2782709225464886,7.237913775649022,4.457732650579821,-0.802627217085777,0.058972851321777306,-0.526517342611963,11.065767912244393,-1.5032649420640476,0.3939867137088357,-0.1550783332111522,3.31100505159372,-0.2759179156101482,0.13869632805386245,5.913256918698194,-1.1657680884244292,4.374685120652402,True,141
structures/rtp/230_axis-z.npy,1678.1,56.611685808267936,31.334843808909476,29.342720524973334,13.233086386444764,15.082955227357543,15.341064851109643,0.38211043157940394,0.3911982298411122,0.37741236487368907,0.60706051040522,33.77750915758018,75.89047718332594,25.263486532362805,24.466273126751318,1.0165702662950553,-1.183171321694835,-0.48748697386416645,44.60155478676514,21.01407909447829,0.9901288340466863,-0.3482894653922747,-0.009990175880073355,42.0178729409457,2.2157413291392922,-0.651112102429872,-0.2689970110579094,13.35770491774504,-0.22901738104494154,-0.26271440900129556,15.1232568444881,0.5099512812271557,15.366823392426992,True,145
structures/rtp/231_axis-z.npy,1672.1,59.94947300713074,38.56455141754533,36.631860362317255,14.265234974470063,16.871175147785493,17.0969236814182,0.3824326039013242,0.39105081357440374,0.34199566639235435,0.6496742266406793,40.265711601717356,83.45920055754878,30.792581047693226,30.01657482643775,-0.8076207779634513,-0.06499862247799852,-0.19223648696202902,54.75684876026496,25.204219918112866,-0.6674055560855238,0.10129704304269699,-0.1905695812056452,52.148603513154825,-1.7091718899994672,0.014087060608624179,0.10132011842853521,14.323347580707528,0.08949652158177683,0.11065652024031071,16.880297454617406,-0.3727309666380402,17.10807264992216,True,146
structures/rtp/232_axis-z.npy,1575.1,32.76773893621219,13.612776839374302,6.376168932469621,4.5399780667433145,5.371422341003198,7.9431591020536425,0.3269453238033543,0.5296068171095812,0.6018065801817132,0.5386572415242283,12.457517305858227,39.56222379538888,9.50967704021338,6.697427002812556,-0.15212497956172416,0.02658124758033934,-1.1837258302246092,18.741788762572707,6.253497002000662,-0.4008946248887024,0.14251747548000643,-0.8048445778640598,8.892441104709258,-0.5458312367497133,0.12311182314408907,0.125918527650959,4.59695397311507,0.1672032168967695,0.3238339885804185,5.406801341322588,-0.4459854631408755,8.094010967960367,True,142
structures/rtp/233_axis-z.npy,1642.8,47.51662376714913,19.744875282856736,22.12249525164275,7.798002361469081,11.845004677535377,10.264092078935033,0.3772428651197336,0.40010776199663317,0.3056844074060401,0.4548916958394781,21.911261594409925,59.529706306549905,14.220843157462262,15.999685874571263,0.055916196872198176,-1.8254301417610752,-0.7532935381123215,25.560160960573427,11.293526160708344,-0.830512271976486,-0.3599022878432245,-0.5803824356824197,29.083376697082254,0.5985473573777303,-0.9206221111744111,0.15817593557800796,7.876130296951143,0.1280358642599424,-0.289796051842426,11.913474160535785,0.015030315883313475,10.305312797223657,True,144
structures/rtp/234_axis-z.npy,1681.4,55.42271397287777,27.517884191649127,29.949688498175277,12.432803839951548,14.749632759222083,14.09024200500075,0.3927848528892078,0.380368305034304,0.3342576782273876,0.5673838427855306,32.45775660917877,73.89315043241673,23.08592412071511,24.441127952443384,3.6565203859582946,1.1871784571832045,-1.0062794522064655,39.396793703699096,20.103036591868836,4.4661054735098356,-0.03678207397697181,-0.41459915666547803,43.56968801643848,5.448499747164556,0.6829272525977939,0.027885369652460284,13.2417699074268,0.05715534411665631,-0.11433497143025231,15.098067677944675,2.129204806032003,14.413599653003693,True,145
structures/rtp/235_axis-z.npy,1415.2,16.899389954785285,3.7454966082504395,2.5352946412348896,0.8634685263283712,1.35664788544035,2.3388154129967713,0.39124762546819575,0.48318161740555055,0.5008280455846152,0.28811166968294066,4.645039463872172,19.279661309698728,2.8466764395103556,2.366659881632609,0.011941119775665976,0.030722030795772768,-0.5599294855566136,4.979457395664841,1.8867358694521523,0.1882468093166035,0.08257591944909867,0.0014362704188360719,3.3460920882957477,0.040858000677356565,-0.006137970090935356,-0.06629449792773627,0.8788235238313705,-0.07440634789737346,0.08489678487920647,1.3671134152231197,0.05457218802592863,2.3672673544122365,True,135
structures/rtp/236_axis-z.npy,1508.2,22.62442360177773,4.711613790518797,4.772930581967981,2.588267714969147,3.327339853913926,3.4050255787350654,0.4489912496788458,0.3718671505395311,0.4711291546332482,0.3361853362923322,7.378344774313342,26.464726322263747,4.659544384600391,4.405228583323664,0.7049080437851999,0.6066216773270142,0.6348904964873158,7.052545979447068,3.838060939217672,0.7335360863445145,0.29311682545621826,0.4007047378730722,7.082162852825812,0.816357363935939,0.33331468132956926,0.15983092095138782,2.721631826322688,0.2069169449312702,0.30166909138608644,3.5595853418461414,0.8837757725187347,3.665291211314422,True,138
structures/rtp/237_axis-z.npy,1639.3,49.15076997400255,23.24486522036984,22.996816000493137,9.754847776300627,10.840750647345764,11.786951430705527,0.3829967268348475,0.36115478235509846,0.3501666469869498,0.5277970225070665,24.091212465340313,61.63108920082903,16.87682123099782,16.27229371476497,-0.348386365580543,1.383554795427296,-0.3519566376918065,31.126914480610758,13.642596989340152,-0.732856074662873,0.32356979079909126,-0.44932314069268126,30.479484636417148,-0.31914571235777167,0.4024903607646277,-0.37003552246165056,9.786568223817458,-0.27676466146689843,0.3183516960231384,10.885225777676878,-0.27500619028208484,11.810584689480145,True,144
structures/rtp/238_axis-z.npy,1570.6,34.08490849975769,9.380789568661806,7.732397713588041,3.1904040642361875,4.796979836389082,6.755530357168427,0.42476970544273385,0.40433229241482754,0.3957966067338199,0.4147396213675414,10.68702898046154,39.59547023442415,6.944412849823681,5.915607042563053,-0.08888356296758457,-0.9378738396318219,-0.2104032632757918,11.996338856094084,4.542713673774433,-0.031128710640721174,-0.029063469264222975,-0.17476874843866794,9.785984601313277,0.18759878079071513,-0.25074587791010644,0.19054926692075286,3.2083430613270227,0.23178971603370307,-0.07348240463197302,4.841924514901651,-0.08386942748330839,6.770843588469533,True,142
structures/rtp/239_axis-z.npy,1572.7,33.67322588335703,10.548065030502446,11.78120486302301,4.559567992902053,7.3304329477782035,7.072763010937522,0.43703420709014307,0.3687655005941551,0.3478705395955361,0.44614026804192686,13.069850144122054,40.71879540187507,8.446580647479776,8.705243064641701,-0.36538300495947934,0.28240922176316835,0.9839375416575245,14.084273434765782,6.337927368886381,0.47721988345177113,-0.5558484331993792,-0.13441874322469236,15.846080298441928,-1.204421254253428,0.8273423839372525,0.32456205200334376,4.799004086603524,0.37973609744027503,-0.5636136712856883,7.533361748251148,-0.49572607074670677,7.198967270416271,True,142
structures/rtp/23_axis-z.npy,1624.8,50.38168401014667,21.449513296638944,21.060085744356474,9.634318676272299,12.036129075052589,11.477429842002927,0.37456395480247234,0.39893423791527005,0.3750598771109105,0.4912969534268742,23.763911212350607,63.24139985851896,16.309138636767727,16.594625066368586,0.5625155503692567,-0.5479456108839783,-1.306128412715149,29.094871208882537,13.445094403872584,0.14528720118646948,-0.18637942461275053,-0.49061692443655996,28.841213629736195,0.7859157958234751,-0.5020519331194232,-0.34456556065456007,9.666166823903273,-0.2765286437068746,-0.16818160036762048,12.075324859949069,0.5151295108142954,11.528838477840305,True,145
structures/rtp/240_axis-z.npy,1628.5,49.187644788019014,20.726071629186084,23.19084745149932,9.72961768968983,12.355982024781893,11.116810904510785,0.3819695015350863,0.3842825223892001,0.34159085155304003,0.4858058457368029,24.090144543904277,62.130926765472864,16.08239313030201,17.50481534796197,1.1563801734316397,1.1433706467267866,-0.26309157126221133,28.23300262099966,13.763768456213853,1.7895061450749243,0.22497370579878048,0.184137976963815,31.745417639710315,1.1259003083003187,1.2273651543597923,0.36932291486822466,9.852004872122093,0.2635813498118887,0.1726448453148389,12.483753259475144,0.8536115015465165,11.185323413786897,True,144
structures/rtp/241_axis-z.npy,1676.4,58.795501162780354,35.76768967506387,31.112622357858758,13.43759679403569,14.862933677696052,16.360954056756484,0.38623571474402624,0.38607483402255954,0.3619787548241857,0.6391042836820846,35.75398630249861,79.20911512926297,27.82623618516178,25.022444085969344,1.5625624914212497,-0.36701469426164723,0.13404237612374456,50.3933219289027,21.672621335194552,2.3796475651437756,-0.11901248182773703,-0.13203932301034949,43.1408364516705,1.7673073933178554,0.021731909844581475,0.11981814429806317,13.568299837680831,0.12138174812079845,-0.11573297625181629,14.917260097511038,0.9127728147569821,16.41950902054653,True,146
structures/rtp/242_axis-z.npy,1630.4,48.33936657849505,13.974876739391041,12.51820242235278,7.96173296109297,8.85171098766456,9.865888653486484,0.3803235426627235,0.41337453682984426,0.4846140140307627,0.44369475811854786,18.4848419770062,58.079628531135306,12.30323028531758,11.58716258611275,1.4852621097950338,0.6377565000695589,-1.658270731733921,20.79506931887627,10.534057120649974,2.272427637791462,-0.10632152988201032,-0.7769759747256246,18.639979958883618,2.1300526323514175,0.38807146631162603,0.4982347880792581,8.294826805023185,0.3365588968499862,-0.009346327250231481,9.020565697842201,1.1810839694673931,10.155373973608206,True,144
structures/rtp/243_axis-z.npy,1652.9,57.12390595462911,33.67934854982455,33.714237524088645,13.010393709542862,15.673677810181518,16.12052997428149,0.39495341611674795,0.38298252196978205,0.3231597027423505,0.635582837050549,36.06875207813188,78.05362452374588,26.979618266219603,26.89832786768176,-2.325856468509838,-0.04942364098470657,0.9511626713859344,47.15658934906705,21.871693884645907,-2.306491330838835,0.005601768434853197,1.2244202611419372,47.9092747932794,-4.430500328092813,0.19514645542644285,0.26839932840488184,13.424338884831274,0.07023966794597687,0.02610078871002429,15.747097110705363,-1.0782993063961845,16.230880898348023,True,145
structures/rtp/244_axis-z.npy,1519.8,20.914674113788674,4.4676931227708705,5.219139492628863,1.7213681898532107,3.730509943638708,3.001914816722729,0.42696577644500494,0.430170114352952,0.3581876948971093,0.28566485603508374,6.852395101080606,26.09633747680801,3.952782698998567,4.549965965951341,-0.27398613785157977,2.25728871610156,-1.4524090487373724,5.903633545339095,2.823479962277303,0.018883043847878415,0.08752126421290224,-0.5094347694338931,7.019127633123915,-0.1701860774580784,0.7653957976765047,0.07867755177806521,1.73545904241931,-0.05782795704795137,0.14004408745386912,3.9992113884128027,-0.3140963903337419,3.1628176938539623,True,139
structures/rtp/245_axis-z.npy,1589.7,36.79807679205144,9.186043841714888,8.119014397835992,5.007376660689836,6.517503983725532,6.420494822494026,0.36324265579007625,0.44279419646381907,0.4936628817616815,0.36536862791787716,12.359837603152705,43.14120976998956,7.6829272827045125,7.526825189096152,0.13047014698366938,-1.2154262572308119,0.46092530788380875,13.105895224964359,6.442614205344763,-0.05147025257231687,-0.30238818557077557,0.5092061772603209,11.686700079129587,0.35340034631360717,-0.04728149953133239,0.06622798606882668,5.049691363075636,0.06956035507998523,-0.4087211420473528,6.558453752380775,0.014951835565737792,6.477672010351915,True,142
structures/rtp/246_axis-z.npy,1495.1,21.810255581785697,4.275980544345065,3.676482786231214,1.4827400548321352,2.2887843593855455,3.085300193324958,0.45714101829430415,0.401429292126712,0.4566957669337595,0.2974489131866322,6.076014755375777,25.192355884520634,3.7477063841158658,3.1541937728069716,0.2813585997440916,0.37490446335764294,-1.0534086302718637,5.793008808069139,2.499634697503096,0.07365458497064967,-0.1090089748363656,-0.3787886946574779,4.895698396940358,0.1433489871308339,0.1706832478224276,0.005643500220191508,1.4988347646503175,-0.09729146716425062,-0.14887837494468584,2.3340334660244513,0.2463320779935289,3.1893438437818267,True,138
structures/rtp/247_axis-z.npy,1464.5,20.09574980803626,4.207328494705647,3.6556133689099255,1.154082340302447,1.8380850258956878,3.2011765400174603,0.4856177370902739,0.37549210272965294,0.3917383311182949,0.34398474104648025,5.953431572199379,24.813832808201024,3.865431352525709,2.89871519319952,0.26257730614522445,1.6377455573271649,-1.0218391795002322,5.993103328148508,2.2914306947910066,0.8147283736282207,0.0341700464309127,-0.5049905970287667,4.662793532412404,0.3785405348314082,0.1635453301695107,0.12729934178242563,1.2895476889067117,-0.0017165528253489503,0.20480473583035294,2.0967998040037394,0.6506658007254194,3.602965225034092,True,138
structures/rtp/248_axis-z.npy,1545.3,33.027521929185895,7.747954663684642,6.442099911940996,2.658620458013541,4.336152602079508,5.465063535635765,0.4229622095271751,0.4045731754632773,0.413708975484827,0.3446753280168908,9.479452473874296,37.68114263948584,5.836246558619987,4.984874306505862,-0.1818960068107216,0.7865621075511635,0.5407020102741358,10.057051404422149,3.881311782621978,-0.5963834367660477,0.1250419462880428,0.044719031921811175,8.17201292546501,-0.030867700176942067,0.17621309617013925,0.11183966007158477,2.707079595136606,0.14133835143541268,0.10464615128552747,4.369498707918066,-0.1975837713066718,5.48807500116812,True,142
structures/rtp/249_axis-z.npy,1456.1,21.66552525349251,3.6279822451606853,4.95364327856259,1.0063030246513411,3.053111279801254,1.8256344339720003,0.38761965923647296,0.453817758041903,0.2942849022126518,0.16824256715190497,5.797471922709186,24.809383091399685,2.70910498463988,3.632617497784577,0.0385922052878062,0.9582988595265328,0.6418273540730759,4.433509996113041,2.050058348448997,0.14996030116829914,0.10670191132729663,0.15235339526731792,6.150792555123042,0.013038467349415477,0.10692018821237993,0.06376930689928904,1.0226626406611998,0.1062206644953263,0.12110554233481674,3.1028460851582915,0.09429999940178792,1.8591037617261559,True,138
structures/rtp/24_axis-z.npy,1643.3,47.52561146661564,18.053090829763825,24.034573306965743,8.320098954869483,12.203079062962697,10.856359667842382,0.41809302110426766,0.37335647927917026,0.2849454001543882,0.4768938199516897,22.2669964082139,59.805505991732645,14.219134259092359,16.748073804685582,-0.016277158272905844,-1.1266638537048344,0.12094593432062549,23.660484633592187,11.661327930243646,-0.4221406907818972,0.10418223208922194,-0.2191746902935185,31.679905060557097,-0.41092990392881457,-0.8046659985019212,0.21845978147440706,8.335379974708374,0.20144410989949973,0.09666364344657014,12.259277522475923,0.25889852095687377,10.869929476658278,True,144
structures/rtp/250_axis-z.npy,1601.8,37.454277901400886,10.841286657415028,11.794384773617859,4.632981066559676,7.7786778391099825,6.616468813042982,0.40211155166984885,0.46693774068039257,0.24091122219173955,0.40757800638590486,15.087753853410106,46.3917200487389,9.523207665601984,10.382244325440675,-3.0254017854469453,-1.3631285179268957,-1.8284140715327812,16.53582505544808,7.820512771413903,-4.9420243133445965,0.26415963235411216,-0.9603850697416783,17.410310051590866,-4.574140812187958,-0.26816492491872407,0.12727157663368668,6.532104055600013,0.3365470596829561,0.4585112058391137,8.73859095211797,-2.4786664539979824,7.513397387766495,True,143
structures/rtp/251_axis-z.npy,1598.6,37.941254004215224,14.564502165560334,11.432518467203723,4.371496555409398,6.983581197245463,8.195062120865293,0.38684817853577214,0.4147576300205738,0.33902802352523964,0.47340210259130505,14.156906554216018,45.379450390335926,9.927158572827492,8.339840693214898,1.0769322297448038,-0.20665918514062875,1.0519825146852864,18.72130479570534,6.2949895954305966,1.7800244451523295,-0.2742327781590274,0.34561640423974627,14.187426078956934,0.8048051798988641,-0.23947864954224582,0.02075722726127983,4.552832151722265,-0.014459238335590867,-0.22940891351319712,7.119027522190296,1.0352903903297268,8.391594744044506,True,143
structures/rtp/252_axis-z.npy,1656.6,56.421899432909655,34.27657688452422,25.250873178838365,11.363935727880783,13.26529630440242,15.797547495361021,0.38080948258698377,0.40336092509033267,0.3437503640186905,0.6617995200820417,31.97864925712458,74.60870610587021,25.680052447662217,20.897762030797455,4.102729171854888,-1.3192956846142747,0.6460655459371509,48.49724382698439,18.357318937772583,6.494118488181606,-0.3028008898017204,0.49825212916930234,34.831626548802156,5.166255432689903,-0.6261851372107998,-0.07260090932339427,12.503702738304316,-0.11874604802330131,-0.21659100148728325,13.608075454916348,2.2524204149676823,16.19047975463124,True,145
structures/rtp/253_axis-z.npy,1589.6,37.119823691947005,14.544571304899758,14.761687957948658,5.916658189426625,8.953767466759487,8.84684482191482,0.4034753123805213,0.40140493206459443,0.29949271641581765,0.505101195993227,16.578291610904827,46.84071900614579,10.94235923546551,11.483664605219335,1.495629925331298,-2.3014151023935137,1.8350558416415574,19.1724558588982,8.627135292987251,2.3342201938203986,-0.023468905279473443,0.5150612467597143,21.085131365755256,4.043793283739197,-0.6488365015932394,0.08002840767989267,6.74757808515403,9.690310388598891e-05,-0.05087445448902458,9.226169622279748,1.0333778374363078,9.066152227182878,True,143
structures/rtp/254_axis-z.npy,1568.3,34.23496959936096,10.07762336615522,9.149506400064967,3.1341572274239557,5.761967799957548,5.753477085946371,0.4050643414424369,0.4109456356013334,0.315374811525584,0.3673115693084966,11.382717792574965,40.38821377325252,7.14504421647698,6.889231783518213,1.148224470827892,-0.8087764232343787,1.1916914422818072,12.655162717140074,4.788532974762186,1.2234370866319728,-0.009302706278944169,0.05389764074396988,11.755465693267341,1.5142202164732064,-0.08935773220219881,0.2652561065840037,3.385689314630709,0.276598921083498,-0.12771851095889253,6.11142564420049,1.320613207667132,6.105300389343831,True,142
structures/rtp/255_axis-z.npy,1460.6,16.025302846489037,3.2851577983304687,3.230370769851302,1.2527343848688053,2.0589395932093937,2.330739367687063,0.46716397759875733,0.40049980498009896,0.44209071781637793,0.2998733050262015,4.8816392227334795,18.76067275115914,3.0383748835421764,2.8183719909507157,0.07672393112583369,-0.3315076956865298,-0.5917886356129254,4.584783299369275,2.222732931805803,0.18099755588316616,-0.03376671941038461,-0.009671077368744828,4.430337341475516,-0.029603174490746592,-0.09626534263980095,0.024691641836736063,1.2641756087085598,0.001665674062243162,-0.022437942624444443,2.069344895448138,0.10017853531233104,2.35734871208435,True,136
structures/rtp/256_axis-z.npy,1639.8,50.40412346184375,23.493930941318943,23.324786144578404,11.062049310900175,13.131755953167676,12.824273963376182,0.38233995047102515,0.39661185227766377,0.38206562528458654,0.5518023489865442,26.712074154045112,65.51402554157785,18.976595156031387,19.375357264221773,-0.6640819622047843,-1.7032479476229503,-0.1896365373307346,32.99165846703358,16.027814177402863,-0.29947588919444085,-0.031571114848996495,-0.22631039933591293,33.14345018248252,-1.3301667475310646,-1.0093952975505718,-0.07056749737180608,11.120680752754886,0.0014740214564987648,-0.06993014571043454,13.217326349167045,-0.41704857250720395,12.839731701271159,True,145
structures/rtp/257_axis-z.npy,1439.5,19.018796624146436,2.374392021604446,2.5850352574699196,1.3792749623215532,1.9999910836271668,1.5538374555878507,0.38805812626343683,0.47356478220824566,0.5248358514486301,0.19702740028396873,5.156051935821783,21.66217229196101,2.673613885269151,3.08510206412043,-0.5419450734801463,0.061785745751740874,0.47051614770495653,3.820643004242896,2.48706789978118,-0.44831372560129185,-0.0610027533606119,0.06526567368275499,4.430084427850622,-0.7415244570244419,0.061479075585351504,0.03741931257783987,1.5055198501498395,0.0455792945360795,-0.053011553842609326,2.399011907666492,-0.855402602793871,1.870633149005398,True,137
structures/rtp/258_axis-z.npy,1549.3,30.38163903689722,9.564960700300523,6.019495138987183,4.13412755749565,5.3108631487858045,6.420273769912782,0.298319558118128,0.5417095676705549,0.5553618260761313,0.4696721073917012,10.868308631267913,37.4927658780317,7.61972177464014,6.17589902814058,-0.4146960058255926,0.31133004205478376,3.3004001293425644,13.563444647945499,5.3017144042004105,-0.35612507209523214,0.3972917391054471,1.4488433977033135,8.563896741471762,-0.03313264005197517,-0.24617061368920512,-0.058528449641475834,4.200116021112467,0.08498222276371996,0.4912049232142128,5.400141534772883,-0.4350767193301276,7.015267789122572,True,141
structures/rtp/259_axis-z.npy,1585.2,30.33281466533938,12.067188351319274,11.351603514746428,5.209578767982891,6.2818232733440755,6.2257991315160295,0.38487788612834933,0.30131024308777027,0.3839933692861159,0.4363351510930462,12.930236362637961,37.464925689640715,8.34935881500632,8.370045200291065,0.09983075304061606,-3.6618714297307977,0.048726766414248876,16.10112488306173,6.87510812258696,-1.0274088255107459,-0.5050220726898369,-0.10507481344546227,15.61705241527051,-0.1536502180809996,-2.7510315722812613,-0.09450778482715291,5.361616607216169,-0.1045555484962433,-0.6650435739070477,7.034454707367033,0.5066737522025286,6.352072635701646,True,141
structures/rtp/25_axis-z.npy,1673.6,54.03053655997801,23.06944715600965,28.338483656640243,11.5365851262145,14.554247795724988,12.953479394237503,0.4010540823098479,0.3839147134883672,0.30771730489083604,0.5204800229436414,29.424749958101124,70.76085379129945,19.94716916700184,22.539954839745004,3.6879014785106095,-2.1009830322617082,-0.05661739054744478,33.34120737081455,17.620219992467923,5.488249382333952,-0.23684329641347396,0.3002199860971793,40.506000462366615,5.101339588318972,-1.1582565888546852,-0.004246706644300327,12.601087571887577,-0.20580112858270586,-0.11114655485796601,14.932983220545582,1.990485280566554,13.22375386955269,True,145
structures/rtp/260_axis-z.npy,1651.3,55.91432628818221,31.56468002588785,34.470671964105954,11.398007534231143,15.293156729287576,15.421701397052379,0.4070059336347475,0.37686877311694683,0.27998258454375874,0.6122681714792232,34.48339706036477,75.98826480708072,25.129804404154225,26.168120422355877,-2.8546283150633194,1.3044628728373584,0.8321823315921935,43.46173227352707,20.1018437388731,-3.6480377216343736,0.003494071182162308,0.6426374866048655,48.10103933190874,-5.000273169303557,1.1535176005032424,0.226778611984051,11.994616897480567,0.0034990772823983184,-0.25126543552215996,15.470743617578833,-1.4129985902321627,15.56950827757414,True,145
structures/rtp/261_axis-z.npy,1424.9,12.987669153044383,3.2853850466400485,2.5115285342554885,0.7937311282774262,1.3315530066823904,1.7326831018106073,0.37442568096543816,0.44846427021194707,0.46294533065915383,0.2826887891287597,4.1424111871918985,16.372247174189354,2.6102986798614736,2.2230073169135154,-0.08690512497218857,-0.16028878464723018,-1.6742793817460795,4.385660327195826,1.7651590005766118,-0.18191603876339452,0.07835703047997936,-0.2456573677775563,3.3268631886387032,-0.09737819833645217,-0.02315245210236204,-0.0821874906841518,0.8111095488862263,-0.11715060578458919,0.035487635542513656,1.3776685428335382,-0.19960175943781866,1.9451742779569532,True,134
structures/rtp/262_axis-z.npy,1593.7,35.966308261611125,13.121600549857744,11.00205434356448,4.237554331548675,7.067688451486717,7.184314271101249,0.3585354797904217,0.4463396855157966,0.3308742398532763,0.42914526982269996,13.202148090824371,43.0019819220872,8.673499659412707,8.265816773049991,-0.9439153218014944,0.386968225737296,-1.3618482679213824,16.549353036905618,5.768778891147066,-1.3133542321578042,-0.19509506257027814,-0.8253969948092921,13.851807211207003,-0.7601428075681207,0.6729976914784367,0.08866888041600471,4.351861267546627,-0.03784315470596972,-0.04998198309775616,7.208288937114267,-0.7842043361051615,7.365952891609607,True,142
structures/rtp/263_axis-z.npy,1521.7,26.97736982552519,5.67190800397037,4.608322213578674,1.977081633431761,2.9580742260864024,4.147384048689553,0.44413314391643455,0.39939215122893174,0.4415508917695811,0.33474548549745564,7.807565229354004,31.36807802619706,4.870512978204852,3.9749665741212956,-0.5998180042024845,1.4583466769064874,0.3094701216716975,8.22867500728732,3.4030014567738247,-1.3523016588147991,0.058353813727135134,0.11007001837570714,6.174372012501699,-0.7257742329031431,0.24538252746787126,-0.09229036232350879,2.209851180142684,-0.06119521404565108,0.07327321219680276,3.2309381624222824,-0.9254523891625461,4.434970138245282,True,140
structures/rtp/264_axis-z.npy,1550.7,30.556799819244414,9.428432773817725,8.680792275405269,3.255706005880514,5.295786286496682,5.694722674901967,0.4018056427421925,0.3987089567413578,0.3496636608179367,0.3971931392611718,10.417471969078195,35.86898726282936,6.650391022142642,6.284129889815948,-0.3807598300800398,-0.9426985345047871,0.48142363704187396,11.912587857264754,4.579875316245193,-0.24226817505863843,-0.11154729943677459,0.5988980765539987,10.946880145202075,0.008757962865602723,-0.7332400743639691,0.2175584954620446,3.2869575022204947,0.3099289311467899,-0.2124816444044482,5.450231720544865,-0.6167303541465435,5.8027129828215145,True,141
structures/rtp/265_axis-z.npy,1614.9,40.3044716526241,17.652018761311556,12.48671320064876,5.711768935787185,7.218309600268297,9.820215801714909,0.40200197874791505,0.3857990260119101,0.3776721469675125,0.5408299700127236,16.490160413980316,49.43388423998693,12.325700958638702,9.694439701436348,1.206456030856152,-1.6826008141206394,1.1850637019109374,23.0135763649709,7.8542085977374,1.594680030289197,0.01265801429076258,0.23288581963320637,16.215284605240115,1.398973673727349,-1.501472795165832,0.15060176131081093,5.887598591861244,0.12213836669066919,-0.1669178954474951,7.554491821104287,1.1057146436289134,10.034608825639108,True,143
structures/rtp/266_axis-z.npy,1553.9,29.820248011026248,8.727581005194235,6.642269690609181,2.696705613027141,4.3499847134888245,5.732486195180141,0.41019223425069906,0.4320823775202269,0.3972255914241503,0.4055367076047985,9.444668632421843,34.6750029255803,6.250676204044001,5.242033845190464,0.22217540762381036,0.32851609007271865,-0.17044432821852615,11.068994608873277,3.9525629906430186,0.2396702982951179,-0.04669566156932349,-0.21962130896424098,8.36747407758804,0.26236696965954415,0.15494888235645599,0.14816560547032714,2.721060907294758,0.24428280939853905,-0.0755351030230656,4.390946233097473,0.26643035977159424,5.763553937267464,True,141
structures/rtp/267_axis-z.npy,1626.0,49.281149372314225,18.492956234500223,22.903956254690453,9.182613296380191,12.08113399583121,11.66932952453517,0.4364282913861392,0.3612779656563615,0.3390508206023743,0.5038425878493569,23.952073764483714,62.705271546369346,16.14913625418983,17.564341340286294,0.8932091039431549,0.9107452756296617,0.29704051049632024,25.935828933784613,13.698798852658683,1.2596644186877357,-0.8943775647263493,-0.08132701613140987,32.10301050592984,2.172760127383488,1.2198020508475078,-0.02142998836189493,9.37946713985991,-0.17386418489131714,-0.6635006032549182,12.257327755222128,0.367247368205346,11.728481842938251,True,145
structures/rtp/268_axis-z.npy,1673.6,53.12024495849726,38.932927620314125,25.831335535207998,12.19853952748528,13.657257497983522,16.82487134793763,0.36540277629067164,0.41467124115509196,0.38091746217267397,0.759973578977481,33.1614526841429,72.23839960561912,27.75033735475526,21.573000628987664,-1.1202680351981356,0.5734813434112047,0.7748192245287975,54.01981544736255,19.249212015431677,-2.177474199036002,0.7325769575595452,0.6264904617851508,35.04975910595525,-0.8753194063728806,0.16152918888956155,0.11615551524089704,12.311670259295706,0.0003655173354818487,0.6221745532842421,13.6958477289455,-0.6640559796337718,16.90487594528099,True,145
structures/rtp/269_axis-z.npy,1636.1,50.68111517605877,25.633725666545118,22.749440420234563,10.066814733820523,12.233968837975135,12.766198288543173,0.37842930163560357,0.392125837456114,0.3703439617339211,0.557466600094821,25.87564260138332,64.77381044521806,18.93641351790059,17.63194365872187,0.04093793261403474,-0.309548731947002,-0.5064226507926594,34.74566719032753,14.731806480102978,0.44991852008553507,-0.2334197603312771,-0.34583578087269096,30.760978463453394,-0.4873398519166676,-0.7226168430155789,-0.05092142061082845,10.09601672849094,-0.13628625888163276,-0.1939052239080211,12.254165349521813,0.07681278777905758,12.776408911134233,True,145
structures/rtp/26_axis-z.npy,1606.3,44.50333058634593,16.987598444767094,16.16534804105335,6.059317682800224,8.711735957093426,9.20815843660103,0.39474301348457713,0.3841089678060205,0.3184412674354362,0.45876451326702433,18.183100454869546,54.02706397250333,12.267601386544332,11.778579870449784,-1.9596435630138576,0.3807019909795593,-1.4664961856210748,22.146813060509377,9.049288507822483,-2.337804720875859,0.23238065515701345,-0.5449986682102295,21.283087531180005,-2.7296382593088615,0.2771283760648619,-0.4075087596630699,6.510271488582858,-0.5174183070113564,0.2151030055952133,9.061659655316197,-1.7360881201389233,9.578879763769997,True,144
structures/rtp/270_axis-z.npy,1492.0,24.65498953568626,4.049090351757269,3.6116793302523655,1.904714694673292,2.5935722477351435,3.287527119945386,0.44926296639011726,0.3824341997605659,0.5262496978732571,0.276879313524621,6.63407184006335,28.07149151646147,3.8618267537974806,3.4005780824120224,0.1602788269564607,-0.7738953897297404,-0.9039912304124645,5.9225531939634175,2.984395245959141,0.08910236431939161,0.0007724685506629783,-0.26628565562066364,5.2190016858079735,0.0739710156331749,-0.2261536893643123,-0.033398414151016076,1.9070360549954817,-0.037521452188289346,-0.009646633579965591,2.6469965457839058,0.27377192149417806,3.351577680073806,True,139
structures/rtp/271_axis-z.npy,1544.8,33.48771148950215,6.763242128606668,11.281391636504468,4.31334698057165,7.73160942042752,4.988978342182079,0.41264244446451204,0.4025985077542295,0.3254551735185307,0.3046131412889122,11.925302509881835,39.93598773804996,6.2220284855409655,8.987757695916653,-0.8430580852371402,0.8315702931407976,0.8374724219660749,9.197515856986916,5.894747900037251,-0.28787404050256216,-0.04934897819656845,0.2970658973699752,15.985150830909896,-1.2563649088201099,0.26177682841122185,0.16151411216268194,4.422290790785057,0.15985149697929782,-0.02264361420038641,7.955349453059523,-0.9784859223823626,5.1348575165965755,True,142
structures/rtp/272_axis-z.npy,1600.4,39.4604062531753,14.881933225475287,10.48514739662613,5.122827751472278,6.856692951120585,8.68056597407538,0.37390816708756464,0.43365211631900585,0.40258894312746796,0.4865768081632755,14.820750736420978,47.05091535414406,10.490587773793985,8.577659082389342,1.3499265434339351,-0.20133629006135803,-0.3457666632973488,20.007999006837686,7.22191023159385,2.4737750331090953,-0.03920234999252695,-0.05198659141964018,13.747528091252702,1.6063429563590867,0.16643066551777597,-0.07932142245241736,5.477851988677681,-0.06023654161922029,-0.12142605460965984,7.027406347165844,1.214019988703516,8.894703749725254,True,143
structures/rtp/273_axis-z.npy,1667.3,58.50159979383344,30.632448767483197,29.39418188109056,14.073656926973419,15.156720355910513,15.401256220376919,0.3851078551943435,0.38797808055659955,0.3912681258447118,0.5938317079807848,34.96808926264527,78.42406929799255,25.924536029799956,25.59030097562459,2.8221666110397328,-0.4976166109041614,-0.3528324675997681,44.74066604035199,22.40230389984303,2.8330008280689127,-0.0015849436873233637,-0.5234996200234198,43.713786214927744,4.513689581414231,-0.5002115626886542,0.1392861808177853,14.5520933411296,0.19180007227130796,0.11879497116464881,15.341237940209103,1.6298003041078908,15.587943754422419,True,146
structures/rtp/274_axis-z.npy,1558.0,34.748357167951475,7.144124020024123,8.984143562848082,3.2179276373901358,5.666707998624113,4.792190922273415,0.4304099477871622,0.37587746623463575,0.3241381464290945,0.30143795408752205,10.782630780868898,39.940976797742515,5.931425304220401,6.75151996626804,1.2114203987593792,0.02002290752997309,0.8568381733775484,9.48835372923387,4.931149995666925,1.3248891912497565,-0.09281612113932118,0.1388507397083583,12.386155968532966,1.9841692167788572,0.1865560955763437,0.16680338054133123,3.5886184904463514,0.24275542076551837,-0.09187915711810121,6.056241360392906,1.3614558532875112,5.125884810820767,True,142
structures/rtp/275_axis-z.npy,1487.0,23.34444361119154,3.649306889189819,4.4854771577451045,1.8040060800877593,3.369676804789824,2.7683925724306513,0.46052692650764043,0.41330945292469956,0.40882754358038903,0.24092628510375022,6.499139142073618,26.62255001573644,3.501337085140014,3.902602311861109,-0.12365047694685521,-0.3114076398876228,0.33833508228423154,5.114008051890619,2.851840698442639,-0.3218939442992865,-0.049357675897366185,-0.11341736829685779,6.244134020147982,-0.21418507552036292,-0.18679896368283386,0.09211745368642811,1.8266468837028738,0.06519434083190535,-0.02983424920599869,3.383425648356273,-0.11128505336662887,2.7852539692306952,True,139
structures/rtp/276_axis-z.npy,1592.6,36.16566959983328,10.941962879799785,16.099267537812256,5.9381893792821,8.968782163189005,7.758147629605361,0.46516504517958224,0.3422369840766628,0.3093600374422866,0.4472882892335876,15.6339289798075,45.12482022923488,9.846588704317854,11.32276178269859,-0.0849621765196242,-0.6956367608940595,2.028731271993168,15.222715775845817,8.19309002691654,-1.334248811875855,0.526225445842638,0.44453161846795425,21.63294378532085,0.09838966021209727,-0.7588652034380104,0.1719545676719048,6.1270999609148955,0.15853769899192055,0.3736542394469392,9.082754947325515,0.26611486075995716,7.889769912983277,True,143
structures/rtp/277_axis-z.npy,1383.4,12.33779819610469,2.5645039030075254,2.0134045604552777,0.8780972990806225,1.368354217014677,1.5156921746196959,0.31134442978067656,0.5320804593300347,0.5613600451033178,0.259884333266788,3.731205691122573,14.371060240315042,2.2282617332122405,2.151954821709541,-0.05795509810356387,-0.07444361581932293,-0.5641930238901434,3.7755992572552155,1.8268801027881554,-0.06762145162418376,0.03154734073137449,-0.25774252439724643,3.0199984071130266,0.0007104419670688405,0.1265951200736828,0.01867177827852897,0.8809331020376061,0.007901589349445692,0.04603726160092284,1.3894147937402672,-0.1306337785990409,1.57786154700568,True,132
structures/rtp/278_axis-z.npy,1621.1,45.96765322381981,13.729594983409621,22.70905152843068,6.715468470823236,12.011011980883504,8.322304488897416,0.40088999397941033,0.39519710795422286,0.20670064489073575,0.38685841666406456,20.752724255667616,58.04256344604808,11.719667899226136,16.677025576378853,-3.247978353051005,3.2489162542560086,1.5829703490416622,19.159794060192194,10.542292871810815,-4.579806889973796,0.2671674145012676,1.0016749929282385,31.694188099936664,-5.324467526284907,1.6879000101518693,-0.07267799724548152,8.146080327899014,-0.22282508501991669,0.2864873605775335,12.973586907961883,-2.5103018549746734,8.960201013269192,True,144
structures/rtp/279_axis-z.npy,1625.5,50.65816373300703,14.020097319821078,18.609647587995763,9.495438568850926,12.032747037530273,9.759579293096847,0.4063162516880693,0.38808857170900624,0.3813862911824325,0.4189879533117077,22.96389082608389,62.9734591755239,14.153426109866404,17.30366747579704,3.575626048377911,-0.5996384121731086,0.022296135839094608,21.70602361254313,14.369471870233472,4.268845050403663,0.38204515156731916,0.02741219899628161,30.34240373489414,6.163606943355909,-0.2503362183717878,-0.20179903920324382,10.891531316839613,-0.10694571992879373,0.3483224419785746,12.616557746209248,2.38122789460248,10.227502867394865,True,145
structures/rtp/27_axis-z.npy,1663.7,52.228183072392255,17.625912882561483,19.79445744871639,10.196938985101145,11.858437852328489,10.809680818391945,0.38539453558101333,0.39330323022253905,0.3972738252000955,0.46225347194184696,24.145080348064717,65.23066779227196,16.196513335891332,17.121541394522232,3.208968992101633,0.0633900581312632,0.4320708595097211,26.982242892337606,14.68812328553014,4.887494751234563,0.21984999459953483,-0.04218664340365975,29.08045641608546,3.2192105492232534,-0.25332445356542216,0.3266981510161463,11.107662409207915,0.19138612091368845,0.3370596231403704,12.423054141349649,2.501868118560601,11.333104070597367,True,145
structures/rtp/280_axis-z.npy,1678.0,56.26811274091282,32.394555685298016,34.636699791597636,11.44639488516035,15.209486738166822,15.06561345923204,0.3895637236455248,0.3790821570949092,0.29928770081557243,0.5931000830897775,34.08825725807138,75.79441047373251,24.747197363176085,25.532421489992185,-0.33288841853795936,-0.1669719669220188,-2.098400511601964,44.092513573045935,19.6828739816784,-1.5416057487293817,-0.04646183661523409,-1.0482486965059927,46.98240560617065,0.8152415789041719,0.037491539902840064,-0.6054005144927812,11.569027417176091,-0.36489453222996693,-0.05384041063225969,15.230756813134677,-0.3559446937141716,15.138053168686298,True,145
structures/rtp/281_axis-z.npy,1634.2,46.40787639665142,15.452973975227728,22.285370822068774,8.350601260872603,11.71050200196347,9.498170434956567,0.41469742541305443,0.3707076802024068,0.30321639382180293,0.42336560948167395,20.987982496887962,57.71792594813826,12.757866758137808,15.964076195251856,-0.558018359360579,-1.1608955764904028,-0.25292837887002073,20.676230400053633,11.373254219561757,-0.5286024982874399,0.2490824292887388,-0.10568558698991562,30.307291777896904,-1.4419971770386146,-0.4884868438798223,-0.02009611387739297,8.42119637433492,-0.033151937800028765,0.09524811220926081,11.77565022504603,-0.43863627080044726,9.517271430653338,True,144
structures/rtp/282_axis-z.npy,1640.6,41.93677906283213,14.325356409662833,15.61151362795621,7.165085251564079,9.541433659275166,9.325896243240553,0.41058500132061,0.39011405784735415,0.3414325044924681,0.4905095448046483,18.485390401917286,51.82168707416011,12.410225066693757,12.699143441364663,-2.5259169718778662,-0.3725128612734331,-0.4548565227161977,21.03451139732771,10.547980443436508,-4.253067593946948,-0.11321188930177195,0.10081260611904728,22.197617242777923,-3.725832301962132,0.11464065855618044,-0.2713715371976559,8.191868561580513,-0.2085809474880394,-0.14791434483380947,9.887226475880635,-1.791438836042036,9.665849144684007,True,144
structures/rtp/283_axis-z.npy,1646.6,44.70076103183232,13.264586888977384,16.527934809899257,6.941041527041577,10.211029995110795,8.948029576153289,0.4210295506059206,0.3878477192603928,0.34205321038804165,0.4225123242396792,18.49095494721241,54.630522456133285,11.707148884580882,13.003359161039274,1.6353541209460312,0.7507771902257343,-0.42816160346344856,19.072332889704203,10.149893270201414,3.098556354914555,0.12426601460371484,0.36314934130310034,22.994936547431035,2.4048609209988365,-0.07043413525018262,-0.09453307895393154,7.484705911808037,-0.07698827564827279,0.08717492469739747,10.341491648260437,1.0192434990197479,9.067827165962314,True,144
structures/rtp/284_axis-z.npy,1492.3,23.714610298384734,4.552276990693918,4.05449339107985,1.7378606941263066,2.930450317945213,3.309405815082785,0.4145977072236637,0.4435440101359191,0.468251480607689,0.2870592468793425,6.6609748626695495,27.16544648463671,3.9176728980767708,3.6733159336138814,-0.15167414319602085,-0.6143338977184937,-0.5325670761242661,6.335110470267266,2.8584956800235695,-0.46443625371915304,-0.009046426369727361,-0.15517880928131167,5.549247785693521,0.08032190334435914,-0.1899848449784496,0.05765000728770211,1.7918760669422835,0.014275678049354555,0.017809932429920877,2.9589562243697634,-0.16165279478314,3.336744188689684,True,139
structures/rtp/285_axis-z.npy,1641.2,43.60507197437267,19.519856107016416,20.69613009606784,8.827658762958338,10.052761462446291,10.573259798108747,0.4008525175192221,0.3493183965428832,0.34536559580527876,0.535076365448028,21.486907921262805,55.00500335862743,14.904437305099927,14.699895380353448,1.0892302409582149,-1.5139758851540819,0.7403760239781012,26.748335576060217,12.33577012177211,1.726174373827358,0.15598932824977452,-0.7591015255295824,27.74862674222662,1.2005687857268972,-0.8011989435843251,-0.32774649551757523,8.959627085703792,-0.3651692221141953,-0.01844781086524817,10.23884961513287,0.9825280437169204,10.728432568165033,True,144
structures/rtp/286_axis-z.npy,1575.3,37.801538122771234,11.196884271293175,10.567820626313443,5.033682520554486,7.39939153506137,6.842435577792566,0.36911029110222815,0.43308470735697957,0.3991428139099709,0.3840036568257358,13.456884404968884,44.68566303603412,8.397052864719587,8.639092714120528,-0.791292066767552,-0.345250314848202,0.379418679088457,14.830693848618084,6.65665480909341,-0.7061215603810392,-0.24159148137061842,0.3753930700476242,14.210001984200712,-0.7269906886408953,-0.5792638521922922,0.013420947571490682,5.094621264135021,0.08788667413561732,-0.29067705088616674,7.528371228430166,-0.8548305486561072,6.967479503454185,True,143
structures/rtp/287_axis-z.npy,1463.6,20.965667496742874,3.8023613476504305,3.742566182077048,1.4201537626212246,2.9150820887565714,2.3048724096840694,0.35787334971040624,0.4805098190157895,0.44263672460557735,0.2250151910133675,5.817734035287641,24.151887350460647,3.0785801609068466,3.419322182983846,0.20243786548174303,-0.712050815614148,0.7612110782146724,5.119033426253967,2.459388447716016,-0.1204048458229054,-0.10232123000710108,0.15992577260548702,5.174103957660734,0.29582918452101786,-0.11837319484931724,-0.016312825414565385,1.461056507824094,0.022921643865480283,-0.12314405687774735,2.969696844040841,0.25260299869409825,2.3709071212704096,True,138
structures/rtp/288_axis-z.npy,1610.1,41.95936498548015,15.16741744772064,18.729240492300562,7.651921635079134,10.531565139810535,9.104327409144224,0.39540059435165964,0.3794557787685972,0.3406758269943225,0.45836755687084335,19.124739056292313,52.130373470182725,12.241877353612221,13.94286940001644,0.1405765964009948,0.1416578920725516,-0.6778847406730968,20.627741531731917,10.689967052247718,0.5475185170647987,-0.07461060444493481,-0.5129744709482712,25.615108892963438,-0.34184977161185737,-0.020679481961175087,0.025944045819538495,7.688397371619136,0.029753869288036854,-0.1664815578533754,10.546881524019229,0.3583866160868226,9.141796256102273,True,144
structures/rtp/289_axis-z.npy,1602.4,38.52309251883004,11.292101165208464,12.786212501502964,5.1697708614598445,7.867787977341826,7.607757704692928,0.4261800106417766,0.38496483274409227,0.3455323702080731,0.4103797732420855,14.325631272234123,46.323669889119024,8.998866068896474,9.548207501249733,0.3338602943161542,-1.0963335740857985,-1.250603266442584,14.928913437087214,6.819854768233737,-0.6645639998183033,0.20702911850569547,-0.4680683670712989,16.944241447140985,1.0716477863516773,-0.46112717416019494,-0.2685549622309565,5.3524683529243475,-0.4167437359970804,0.027830016613145457,7.955450712613846,0.33706070874175365,7.658672264024129,True,143
structures/rtp/28_axis-z.npy,1598.7,38.24496301919851,13.62021008407417,17.83705323690694,6.687134812105409,9.550169669935057,9.208343360398738,0.42719560225516023,0.3286895439481197,0.32369392406752057,0.5181944240967263,17.858037644878436,49.224513094085815,11.80965958328753,12.663959620448145,-0.4098262584915248,-1.6984988525789466,4.618709969832036,18.67068223805471,9.66563622220144,0.16734450773677276,-0.6869416319975957,1.6183225246288908,24.54863261989117,-2.200302376124264,-0.8236076610457556,1.587524032315242,7.212699093473531,1.5710913277278118,-0.5094223780738152,9.95870289926224,-0.46565627248193486,9.694084233845748,True,143
structures/rtp/290_axis-z.npy,1425.3,18.156794844842977,2.344402048555082,3.8248770703227213,0.9992122826300063,2.4745685563423567,1.2660351817865558,0.4755328118580836,0.37003767687634803,0.35993837120883826,0.13701975333382535,5.057519786587952,21.64930450549432,2.3502819584188024,3.105177821837085,-0.06619493793281299,1.217090317245021,0.9033102492834952,3.2546078389454465,2.1276323387356757,-0.12155706797497562,-0.0663920373039465,0.0867604074425446,5.44758149686868,-0.4027940432072443,0.12416545825125462,0.07841774704698436,1.037886589765238,0.12921574510278755,-0.033521011165505224,2.6069953025614465,-0.15837871139560947,1.3221736544921108,True,136
structures/rtp/291_axis-z.npy,1670.6,56.49173090561197,33.660224933196396,31.2386310102905,13.613965925264148,14.995888204758197,16.066370899813943,0.38402793687491676,0.38624978068613236,0.3642210145320668,0.6490749776733276,35.37204200725775,76.82402141063343,27.062461015773863,25.516036764773418,1.3950391578665775,-0.4287456949973711,1.0822146648958064,48.16951428156283,22.03380598911213,2.328544177759412,-0.04331189515591676,0.5967534743978041,44.130234833804614,1.0057149321057006,0.10481981094589793,0.07283728983082781,13.728507995047115,0.017999577006303846,-0.12981214533649682,15.056642433182581,0.9473331221714011,16.149491851141708,True,145
structures/rtp/292_axis-z.npy,1451.2,17.547961171902056,2.760252794332764,3.4401172638607016,1.2544466410126656,2.39566300804635,1.8278910565033626,0.48664647750112133,0.3827839419849561,0.41762634763512013,0.2141569822710981,5.227875166070612,21.36763967975426,2.84997856687326,3.2180859827725254,0.38008157205836146,1.5322002573228757,1.1609655877342473,3.9639654960971846,2.3116176788598124,0.24912077254568518,-0.04303816696659808,0.09873127833216383,4.959906861772872,0.37325155092283085,0.2702926637193367,0.11685905224470636,1.2882992118639083,0.09591261173751132,-0.017063022731089738,2.6528051958422667,0.5592142865639365,1.9828432113267294,True,137
structures/rtp/293_axis-z.npy,1544.3,34.575655162990884,7.710786635933626,9.589080903341365,3.4381262245803,6.126872748575717,5.140137577469782,0.4122246488412492,0.39140624146975295,0.3389291429433169,0.31234393559946283,11.016661756724293,40.28463661779021,6.21250698630058,6.962287041212414,0.5240300132220774,-0.5340913889398854,1.4993484865613564,10.088268268655549,4.9441222303251084,0.680819616662276,0.18698563000483967,0.6002600367320423,12.539218408396662,0.7302477589171249,-0.41283403291572374,-0.04192555299722955,3.5013354769882734,-0.004705360859422246,0.11781840763517332,6.264129811767595,0.7443328023395475,5.321111531677273,True,142
structures/rtp/294_axis-z.npy,1667.1,58.205854250437554,31.495462281996417,36.958073230844306,14.024959221521403,17.206922165597337,15.166660220290003,0.3809205849791787,0.3883531365298587,0.3208395579523411,0.567432508951421,37.069039293564586,79.57825596877068,25.931563050713816,29.34974196031832,0.6156077229496807,1.1441781429550195,-1.1656040392001736,44.39640568456911,23.08969180623796,1.333407793441212,0.5587420799624058,-1.0294610813360927,52.904698354201315,0.9151768170850577,0.5415278169470423,-0.019381985114024173,14.0797861954782,0.11498983961797563,0.4012408761138119,17.225605952545365,0.0703116186818278,15.220438779719718,True,146
structures/rtp/295_axis-z.npy,1493.3,27.44065352619163,4.942137620036568,4.381123380359973,1.5297769781738266,3.020145558067212,3.3857478131006435,0.41111232171196577,0.43936539462574065,0.41860952428745546,0.25599296757665974,7.08717071513721,31.40190607791249,3.9535054258112337,3.546058083506993,0.22665205644126246,-1.1754330899419971,-1.3247790017642163,6.473584381319269,2.6487795813220876,0.465959580696556,-0.16504314349698046,-0.33162598914341385,5.612359795722514,0.16087077988066342,-0.03173472837695938,0.028434594058346446,1.5767513364193995,0.030895889098185123,-0.22666125888653907,3.092249818212583,0.33864608894289516,3.5132987690822612,True,140
structures/rtp/296_axis-z.npy,1606.5,44.17302530542598,23.061715816981398,13.244171167976605,6.542229268404807,8.147960009015103,12.105814434618582,0.3851642559883279,0.4121436430281771,0.3809789759663342,0.649076345887584,19.99344977463322,55.18126707258346,16.318142526944797,11.17580841953224,2.6303339215353776,1.3558080775680414,-0.8743715139116905,31.845049955565234,10.122151299797688,4.449365836740836,0.2726862119798105,-0.39528693340305937,17.68252645100082,3.1029151223753417,0.7884613673930111,-0.2727274187659397,7.410458905992313,-0.36451590859452093,0.3133982537026878,8.55450507793001,1.9434657806336153,12.612567434928609,True,144
structures/rtp/297_axis-z.npy,1653.9,58.97393840039213,32.1867858240317,34.71566132601962,15.03068009345456,16.457130219349892,16.184047600301156,0.3921690706911373,0.3792763521965931,0.36161023825457694,0.6109958155577029,37.922860293974026,80.97842912522181,27.82350077869542,28.88335746825512,-0.4116865549401966,0.24869397088136408,1.6828879308006777,47.043991584740844,24.543797582423352,-0.442818487685718,-0.08529034503276162,0.8549670932772213,50.78201027705581,-0.9504556818747274,0.24740946117630647,0.035663157470605174,15.051465636449237,-0.17867433504979216,-0.11485303194272375,16.465949996200198,-0.24701011931130304,16.238719397998576,True,146
structures/rtp/298_axis-z.npy,1410.2,13.100083235890093,2.2222599939643186,3.448562320566624,0.8114524621496804,2.253739799759886,1.1140331040016498,0.44681685179574737,0.4135095384876513,0.34017563757987773,0.17119882007814208,4.047537321705552,15.300378419300557,2.0772864896828476,2.8100094276796903,-0.0249389866683453,-0.4118010897624179,0.2710105662886621,2.9974759084774605,1.8014246644042338,0.007438205944129304,-0.005659644997418261,-0.04486717291149801,4.752540404038405,-0.1413797998814135,-0.1354981925261856,0.16040772659008726,0.830076362839222,0.17530293479476705,-0.017697482265197323,2.3108721077304186,-0.106665188567229,1.1318888680676773,True,133
structures/rtp/299_axis-z.npy,1544.3,29.423709882671112,6.328612132460169,7.061492406743429,3.097622311928865,5.025801568671841,4.355061317919845,0.3879945411642365,0.4343976597151411,0.3919612456703428,0.3119437343141702,9.19050165813052,34.00134318420701,5.148187111888685,5.878927964856206,-0.537519621957154,-0.002813975801427621,0.18485586804821402,8.44700057841873,4.277013135905858,-0.3749541818405545,0.053137620445359385,-0.0735300557014098,9.657914735247447,-0.5988815752780332,0.27193136413126023,0.2509950428491869,3.1577108746967317,0.18907174259092585,0.19021751590917008,5.186560723863272,-0.7650850474049864,4.500280625974277,True,141
structures/rtp/29_axis-z.npy,1569.9,37.13811197890633,8.059901390572238,8.910692631747922,3.371372089614903,5.573318025402142,5.589704687344013,0.4107668282304635,0.3810228329025831,0.32797746381596277,0.3291178224017113,11.49258376291069,42.90056034964441,6.594596186654857,6.75812841627239,1.5176599698182862,-2.0614362251875487,-0.21063868668243496,11.566519439455334,5.2264008921407035,2.563876013320144,-0.11284430731944811,0.13861464459081665,11.807923086960585,1.763204813697906,-0.8867019572612821,-0.3456546497158423,3.9913716010457514,-0.31700461224955584,-0.1565048608095173,6.096079346183763,1.5077047095578413,5.974469932758845,True,143
structures/rtp/2_axis-z.npy,1540.4,24.12407166862602,4.714360826766276,6.280889156703703,2.337626324061875,4.192486546791853,3.40280878209514,0.4911054041126092,0.39957520615841224,0.295504010099686,0.34275620521987354,8.544194064302271,29.42069388648476,5.051863051000585,5.826120025021527,1.5857739747061108,1.8836586928712813,-0.10058154908569618,7.218687144345241,4.337665231768306,2.028163971789241,0.27171938079064517,0.033730524680187474,9.827068932309603,2.4975481533884523,0.7443614977381079,0.49063588870795055,3.1623947107747585,0.46704562727680105,0.3516653855646275,5.252917613900088,1.9531264717298515,4.176283991407798,True,140
structures/rtp/300_axis-z.npy,1513.4,21.836550795316708,3.815737731567301,8.620904789822209,2.0354886578729143,5.0608954852209305,2.8553610696057077,0.5668126564137179,0.3217731941689834,0.24786837196529077,0.26485848919830157,7.526168622431361,25.992696276957307,3.934830599485114,5.485719188654337,0.35782256547870744,0.6957639787734173,0.07987174700680237,5.028223285094828,3.300219210787022,0.026194462554149783,0.11162820923450183,0.0744799462857029,11.273060041977166,0.28885806272468095,-0.2974384240535593,-0.395469573904087,2.098853349671405,-0.47851408064753376,0.11301584281589182,5.272084552050046,0.4164791984568177,2.921106489137178,True,138
structures/rtp/301_axis-z.npy,1598.2,39.18027561362935,12.893325607431715,9.342713778217641,5.301675387510461,6.861650037479897,8.235656916386514,0.37722354241796957,0.42913582521440424,0.4677540844383543,0.4474765141033651,14.134804679059238,46.82409409652123,9.628888171401176,8.232887315846089,0.6902957540569975,-2.023527181728263,0.2007181739090996,17.53027509993684,7.139018114464882,1.2308062169690064,-0.16592662195115193,-0.07157541116192676,12.857285711650793,1.4082821275082664,-0.4975780726843125,-0.11279622124697311,5.4769896814531425,-0.05103247670379701,-0.1621389972495173,7.024825540170406,0.7340197216295298,8.321990544364775,True,143
structures/rtp/302_axis-z.npy,1633.7,48.1253948546609,19.705694061675437,19.82692748401603,8.66642918832446,11.494586334561808,10.991220953079374,0.38353791060132075,0.40457957636461206,0.35222832788599817,0.49198611762748007,22.099545554636947,60.24992151539267,15.16999246358288,15.37959407564515,-1.1952636433024186,-0.7053645486402312,1.0395614233620696,26.904915123032108,12.005515708937937,-2.5001014118806397,0.10696465157245373,0.6348820696031923,26.6308688569758,-0.9540174308466463,-0.20858008184354546,0.08721754783146726,8.903767127454318,0.08520335289460977,0.09955961267549295,11.577826277918723,-0.8804347818548707,11.089349638561075,True,144
structures/rtp/303_axis-z.npy,1642.1,45.9589972174324,15.118024329908774,23.60773567921291,7.826708432198952,11.773492727071599,9.087200304902227,0.42115355184957776,0.3615503160333724,0.27475111962435916,0.40927578992615243,20.73787788807512,57.04853201682363,12.356873660177058,15.9185533197171,-0.8135609390867301,-0.3328979565285273,-1.1237350830955473,20.014197026452198,10.889567337143337,-1.4060141824250618,-0.12948541470938837,0.03222917086658689,31.248183315325235,-0.8120252564936585,0.012595973510856232,-0.3611681545693093,7.9430913167247335,-0.4381493443426545,-0.05187487147739597,11.841188249431887,-0.5919557823705138,9.145606888513129,True,144
structures/rtp/304_axis-z.npy,1619.1,45.5153539747889,16.868423180052233,19.779797433231234,8.302293051650587,11.564200273210206,9.764840127385668,0.3763627968241024,0.4049371631931918,0.3377089267135304,0.4520969640011308,20.813572615867812,56.677446285421155,13.261709139461345,15.332090007424963,-1.1581687132996332,0.2014244244475371,-0.3058798644163858,22.988876978661445,11.615495352889088,-2.123627786943852,-0.2865872663348071,-0.024669883793661865,27.237241279176917,-1.7850605115080445,0.18403334440296626,-0.1079263506821446,8.532783309323314,-0.02560898370382815,-0.2678435758969397,11.619854346302953,-0.6696453706833486,9.814061476779775,True,144
structures/rtp/305_axis-z.npy,1508.0,17.680408474281773,5.773047910745693,2.9630141383973307,1.5477761782223902,2.0103281788478347,3.8875517903355963,0.3406418744673167,0.5165505671777199,0.5709746925420262,0.4561604281622523,6.339445481131982,23.54712841066537,4.538594564455966,3.293622227134793,-0.315398192871451,2.138599383076455,1.5853487184357429,8.233095545227242,2.745435634563596,-0.6827806410819913,-0.010176354188422693,0.9398555754068387,4.1194805219865165,-0.3934681843593102,0.3523564400644474,-0.15811323884439382,1.635589853225469,-0.1222134089418297,0.22767089334232504,2.3183582210222524,-0.477740847988628,4.3354704690117725,True,138
structures/rtp/306_axis-z.npy,1458.0,21.659401443295412,2.802755181032159,3.380355040240451,1.2414740912876798,2.5618089408656637,1.857910016274933,0.4500910034408619,0.396949077055282,0.4430294022923669,0.16861856045005996,5.538616197554741,24.892642077469247,2.6996222200559084,3.0902510145029107,-0.056853148762631985,-1.3821631624077069,0.5343832125482644,3.9872955695877645,2.2825093054433974,0.10361857523267703,0.03311799757433076,0.0795196245173433,4.8228430509312155,-0.0676685666782113,-0.29811405030603394,0.014967504273512717,1.2491024239209387,0.03331434145467585,0.00583055413764843,2.662976697747094,-0.056536959416150674,1.8710775301983162,True,138
structures/rtp/307_axis-z.npy,1650.7,57.04743188232276,31.06074833602818,34.66053149670218,12.276123895582845,15.481669758905293,15.241454577591812,0.39947588605785966,0.3768972393997556,0.29163564241290385,0.5909871575334263,34.366852714413426,76.91105548948329,24.757545059778447,26.041286540985787,-2.673462603100423,0.786868307217005,-1.902437678901806,42.89282846355913,20.116980265973588,-3.5818654394611187,-0.05429712257194326,-0.8875254064539871,47.666166743202766,-3.5416288710958965,0.5115593677575979,-0.6458436556399505,12.679232018754028,-0.4536568225865335,-0.012431492062209362,15.632420613986865,-1.3775045367895447,15.411027442120584,True,145
structures/rtp/308_axis-z.npy,1603.0,48.78254714882595,20.166155879424245,20.034414489108766,8.91918508770948,11.539923350140743,11.210886752286243,0.39234940220028663,0.38935015035223525,0.363234503347706,0.5059777944503976,23.520198008192835,61.46916536578565,16.19266310864398,16.561706341711382,-2.590728026337626,0.16182108778167328,0.011210138939295749,28.01648784712905,13.703185078996954,-2.954756804146593,-0.025080299259366886,-0.26142918119624664,29.28101980211619,-4.811868335088738,0.06787719892532389,0.20106484470211397,9.740600668620797,0.21784326219901715,-0.02069941080219848,11.78962798556231,-1.6671431489898687,11.454452376248495,True,144
structures/rtp/309_axis-z.npy,1630.8,46.09210810182047,13.361593485833723,24.489077932540916,8.669916281003232,12.962244248154747,8.771148951868732,0.4071104030675045,0.3717415891934053,0.28011685711015794,0.38658375808415935,21.321987890659344,58.071091235123774,11.865251113900566,17.485588532132454,-0.06208291846842131,1.7818474583082942,-2.352651152831181,18.187147869625548,11.495576236208066,0.8503046344108837,-0.14862139152418627,-1.183144241255158,33.94682014670261,-0.241441433862844,1.3247252154236873,-0.22453355937598127,8.739665775709806,-0.22342520300829952,-0.21471900553154363,13.084391097769172,-0.1822444228312974,8.931213659749147,True,144
structures/rtp/30_axis-z.npy,1563.1,32.632131383632505,9.747220312405654,6.197005757551433,3.3303253263440764,4.407112957897208,6.395726739676652,0.35216596270770295,0.45653859131494645,0.5080479684068635,0.4240378468044766,10.520957990126798,38.55188976237676,7.135492783853806,5.447000255822052,0.0978552448074745,0.1959100913487728,-2.67883364446809,13.089671116254674,4.804626984419242,0.43880400031006966,-0.06928768837370766,-1.0858238190824374,8.272820984319553,0.5054877294122033,0.0892601736113381,-0.04490640174811538,3.367382377878173,-0.08081221301389867,0.012886524074313331,4.416483276729125,0.1575118568097769,6.6608706645637685,True,142
structures/rtp/310_axis-z.npy,1457.1,18.869372024868216,4.787324023988928,4.937039385602965,1.875652797601207,2.7477651489616965,3.2976831370149595,0.4861174961729241,0.3374206340204753,0.3656904545472322,0.36985376734310405,6.403411807825092,22.53304118359361,4.097627501604569,3.8044485412966345,0.39300222889475045,0.9916616997391497,-0.6124323297446955,6.447761699612258,3.0067584106935086,0.6004636671080749,0.09784381873967947,0.033505175825196035,6.832234480030544,0.9524445458897431,0.6660177676747076,0.17956313816535144,2.0212894871370275,0.16361585075237992,0.10987664401972294,2.9157358384323153,0.4667234496892802,3.4092036014061255,True,136
structures/rtp/311_axis-z.npy,1674.5,58.066780286398874,27.779435160778476,36.80229344407897,11.9634584414632,16.578715244111077,13.676635612391543,0.39253286183496006,0.3809045162317293,0.25876817635418925,0.504336495172539,33.79307983911647,77.43031413847211,22.15236376045818,27.291916186231237,3.5258259555918565,1.2462688790591072,-2.1609647257919646,37.52842533424887,19.321824621969228,3.9658091305688576,0.17454869719553057,-1.0031700542442632,51.64676994201001,5.769643700400606,0.7351750711659444,-0.7172910163368167,12.728603108836122,-0.3563642922749064,-0.052064508820167915,16.856718541381703,1.7841016614865233,13.939343876984536,True,146
structures/rtp/312_axis-z.npy,1623.1,45.47362239934141,19.150513117867643,21.11522628946707,6.9469805314162665,10.30070034288813,11.21418861588948,0.43497565978973646,0.36479566389611423,0.2840479060253828,0.5320980860550052,20.71592178683831,57.050201756809244,14.47824841766729,14.265004073939336,0.49161355125283784,0.4213466043518111,-0.7937974770115873,24.762794351152394,10.172157353928775,0.5153453461994002,0.35623266618571275,0.4756470399877262,26.799480282512356,0.36347541872037026,-0.043664541610664166,-0.918014599683556,7.09134643307702,-1.1369899751085584,0.23864551537741427,10.522004652453758,0.5343702056624621,11.326227445690211,True,144
structures/rtp/313_axis-z.npy,1601.0,36.10724594894268,15.355561929114131,13.13756686217435,5.067933975489742,7.242109194896234,8.863428613671529,0.3961790854543985,0.38597373867531015,0.31816356678680685,0.5288869527225527,14.857523285282646,44.625595571435554,10.556180278805453,9.175798600758291,0.4382314400022031,2.3948519937760078,1.6697662505858248,19.660098336593805,6.832195601338574,1.2792507786594076,0.3562828405753832,1.292827863331036,16.30366669770983,0.4945684056232633,0.6531060770428373,0.37273864905880627,5.197540840298277,0.46278267366497355,0.4671097757350007,7.419449360871185,0.26228776432910567,9.009434617579135,True,143
structures/rtp/314_axis-z.npy,1634.2,53.13583199105296,29.77797380305114,28.372436858837165,10.967496808892497,13.65865074064471,14.133318147548241,0.3876448988874329,0.3834494015482678,0.33485604067381713,0.5934935163944784,30.270533243482753,70.11432962580824,22.451980474836308,21.583969184609305,0.6103924713843216,0.33284366941116267,-0.008121721328317002,40.538359692791786,17.578948579398478,0.4645129002140097,0.17012748080350823,0.17135532994457045,38.55231339505658,1.4365405030677871,0.13232338468550126,-0.02616770077655433,11.023565267728324,-0.061433425549733627,0.10556997264721502,13.668616722036768,0.33331211280368084,14.143647598615859,True,145
structures/rtp/315_axis-z.npy,1604.2,41.77483317335429,12.688838970790167,14.151420456369333,5.155578539963875,8.788770804028573,7.18230063704905,0.3841268216920132,0.4128924087364646,0.31162474113110034,0.3575099414188975,14.923832954859929,49.35947289307097,8.861004572381457,9.991225125148954,0.04135217203761065,0.34526468948578626,0.5983076100558126,15.834659254776971,6.741144411640358,0.035397120434579224,0.2933402987889438,-0.12613926961281816,17.933616227549898,0.47016201028835886,0.07443989578461144,0.17397447808471392,5.204234331192751,0.13463454256568472,0.4856635262631468,8.798940237635074,0.003199793443882717,7.2393025184423925,True,143
structures/rtp/316_axis-z.npy,1605.4,42.432087129084245,12.788397509637129,12.394225886977111,5.949230996338697,8.04957304190485,8.14594543528017,0.38526544192262174,0.40357849252155475,0.402201138689652,0.41090744392126527,15.63213610156776,50.262304371211194,9.983683760660947,9.905304172410224,-0.9907176379085096,0.03682043897345631,0.3938656896677032,17.471118801573855,8.134928726489308,-1.5645290184647194,-0.1222559197721454,0.4478437933833654,16.90796842220382,-1.4078448499700753,0.1262295307575355,-0.2616392450074192,6.128795969005609,-0.10321146302724378,-0.1372621827442899,8.149795276570305,-0.8918591894478535,8.275392519877798,True,143
structures/rtp/317_axis-z.npy,1440.3,14.796216373836918,2.7019948807969616,2.8849474442969054,1.2740698016960703,1.9074923026661434,2.1104566608458635,0.551631934565754,0.2745158148078594,0.4788443749705638,0.2595828458314327,4.99794884014838,20.061089706777764,2.8793837655773706,3.117745654046003,0.29819610368490146,-2.53763276173656,0.4145730703285744,4.095623976338495,2.241581850768914,0.2283809432913257,0.027193529630348587,0.023078634224687023,4.34740333743459,0.13474545392909712,-0.667493863985217,-0.048276955845858345,1.2900488394555205,-0.02276523280123328,-0.06464743551177589,2.4360074010217745,0.41471331653228416,2.2300380622278166,True,135
structures/rtp/318_axis-z.npy,1554.1,35.11157184533854,10.246278147872687,9.071360144206837,5.106043427238246,6.516345946173872,7.382643893868807,0.40861181992031564,0.413068251943619,0.4390703173166901,0.44456250722690194,12.94428448858028,42.240029071272986,8.577577620575939,7.940435387011272,-0.6772444024918861,-1.5309724452969546,0.9752329204386752,14.39772003720684,6.813193589102226,-1.161513724681473,0.10507275227587991,0.9414227006523516,13.198398095363821,-2.1373039436032197,0.07793338580910962,0.0897431956306855,5.470531012705611,0.16963987169396444,-0.00786875396985454,6.613249406303119,-0.35280353820887006,7.482531908162871,True,142
structures/rtp/319_axis-z.npy,1562.0,30.235727955497048,7.604120642293737,6.88945444179128,2.920941161009506,5.1114276227221005,5.089355107701233,0.3550317907271665,0.470938368188971,0.4097307847007254,0.35191398693684356,9.603643617385972,35.664848530083226,5.710910359995393,5.886657837870999,-0.18668264882676244,1.3646430624947052,-1.4939763356819313,9.898936044894404,4.272093508917913,-0.08185997037988445,0.4695488381068835,-0.3848844067813915,9.129684567927516,-0.3338183795920905,0.1940097779771833,-0.21288703640641385,3.0083830150959883,-0.22609965901079632,0.5905912028159843,5.190176993708286,-0.1680525907791487,5.270604902947655,True,141
structures/rtp/31_axis-z.npy,1642.0,52.18547780146142,31.100587958459222,25.354017706383427,9.931379031931295,12.822157361267791,14.089066413352453,0.3751008511671102,0.4031171730110994,0.33258640445469784,0.6063078997755701,28.325217418241895,68.09671763415074,21.595911730993606,19.246621917969968,-0.27300641097808476,-0.9819624018646914,0.3404567566827355,41.037993112254775,15.362854222937923,0.02753502723832099,-0.2856173016854624,-0.1524315469361292,33.38147027396854,-0.8631366530449557,-0.6906412517892978,0.07551809912265267,9.961238187376994,0.13773384000299815,-0.12548188755451892,12.847063506341525,-0.18872661688020406,14.096902982507316,True,145
structures/rtp/320_axis-z.npy,1640.9,47.88708642179397,18.079687650144393,22.72331439331873,8.77165083900665,12.457089677126785,10.188228188387725,0.39155912939452797,0.38954453477000767,0.3089779022082604,0.44919272476398153,22.35405187732456,60.032085744951466,14.049541900647402,16.93169953764426,1.5607675365671618,0.2693668778551298,-0.3428674122256375,23.88267364891888,12.06301857313742,0.8780153877950737,-0.20890526526673364,0.2855198817965679,31.18318747919254,2.727917024330342,0.06898568167089461,-0.2943668224616365,9.023630572842228,-0.3585807746832682,-0.14048957971769016,12.629860194413533,1.2493463873259976,10.327512080501094,True,144
structures/rtp/321_axis-z.npy,1680.6,58.92648467783009,35.645785626194744,31.10131977957812,15.761776704564683,15.782079446511046,17.43675623648121,0.3857931554759092,0.3855459536991797,0.42026882248467606,0.6922937966648662,39.35335647801156,81.85046620002096,31.173169601076438,28.143079811936577,2.018023910029227,0.2690837680900531,1.0641879551245632,54.40757485595152,26.362217336011565,3.235275166333005,-0.29259929376114097,0.4862662783596227,46.565233748082434,2.0088462913384273,0.556142250386728,0.35423694151489127,15.969704217730026,0.21999050777642937,-0.2896913892080451,15.878320835189744,1.1548477181310888,17.541789033597407,True,146
structures/rtp/322_axis-z.npy,1583.9,39.31511778427735,14.394599313648335,9.886578561468456,5.294456912293337,6.21717977296402,9.080871705717016,0.41197294170105003,0.3841504395730722,0.452780830404524,0.5047018979513568,14.543668067849731,47.01872056016474,10.659782097830343,7.983664830340693,0.6313157797886042,-1.3417310478412054,-0.5367944636229249,19.31704960548121,7.136175796655949,0.903071606912028,0.08002671650565325,-0.3806373430835964,12.997996995347656,0.9404127056500897,-0.39861477555090674,-0.3205559035922364,5.392157271211746,-0.36882761802985886,-0.1031295456127801,6.35133940202909,0.731456413474569,9.175212624718377,True,143
structures/rtp/323_axis-z.npy,1657.1,51.1191206082629,24.23086910682091,31.02466597400792,8.67354755161075,14.312023651154469,11.612524283292712,0.3998802523252998,0.3853808133189637,0.23342600112458992,0.4769024567403474,26.638805508914118,66.24746770493934,17.261723296302907,20.902891607609693,-0.637031304925219,0.3937750922622148,1.5430286978338776,30.64362591187779,13.009293388576102,0.6369564510678879,-0.2109784830939292,-0.040649940434081024,40.51033937843253,-2.3740096640464694,0.5811899887878332,0.8255021493704383,8.93121059424697,0.7034271785965002,-0.31596978917049345,14.40660086335321,-0.38893543979714473,11.680710926866727,True,145
structures/rtp/324_axis-z.npy,1636.3,46.59464108764537,19.845719039802155,23.80264981271266,9.073494563008358,11.913817464068927,11.440688480392495,0.41190425406361575,0.3669368298048759,0.3145864587517983,0.5253533627096533,23.3758513227725,59.40227507428756,15.817493315083928,17.12542303131953,0.16138376016000022,-0.5752102760970506,-0.2065034498623109,26.795198526712372,13.131849719672587,0.776971185100098,-0.1913234913917599,-0.32087131771160443,32.035656171800476,0.8932035201817211,-0.3840787999182408,-0.38775693010451623,9.128735695727647,-0.4492322033989871,-0.1223512153687588,11.94339744079351,-0.08335522650425027,11.448705830081993,True,144
structures/rtp/325_axis-z.npy,1597.6,37.87675509167209,13.345094054611883,12.731117950102158,5.484328455034122,7.768435793469021,7.815778922069541,0.37511418955990394,0.4044751155632994,0.3503614224823272,0.4438638571758928,14.959495508133942,45.70558689956896,9.691485168376461,9.658290490964752,-1.0530483076724424,0.9273321416803006,-1.9301276202067574,17.641247039264375,7.6770609092347994,-1.8540390624154006,0.40645126780633756,-0.901546339848927,17.23495249722013,-2.296266335587765,-0.15481034751191664,-0.5822639301669991,5.912130776708499,-0.6690561671748279,0.4087862436778337,7.947512038332949,-0.7816281895077563,7.992679053566049,True,143
structures/rtp/326_axis-z.npy,1662.6,59.12589291970695,36.9164656113559,38.02701928352331,15.078136691322868,17.65930238577347,16.821330282484723,0.3778530216595413,0.3939534300681374,0.3411028768154922,0.6389333474996975,41.01760675820364,83.21703614546409,30.508255917542588,31.796983415523787,0.4016635527342853,0.4612046534167923,-0.8917415887165286,53.15344996855897,26.40263244696555,0.6403417862223348,0.0685559881682016,-0.7093487678372924,55.37223114974586,0.5918866921258398,0.3371830785217342,-0.1051090342065885,15.087736466113691,0.020781399585998762,-0.008626113017870892,17.66389977136933,0.11135357098118977,16.83869869682588,True,146
structures/rtp/327_axis-z.npy,1662.2,55.425091304689786,24.223408645802653,28.334286508978682,13.172123644398475,15.056384112033472,13.728976097407976,0.3902178033392955,0.3892333319824405,0.36061102415081114,0.5394273643055841,31.59278943973513,73.33269328268645,21.88257647378457,24.164388549133093,-3.086484222480604,0.6734876960849413,0.9907145807337608,36.27429541295544,20.225804695473478,-4.936618370540038,0.3078525763088852,0.5333886309483902,42.182576825191994,-4.342426387626707,0.23450885111931818,0.14119346526136245,13.933068322231149,-0.01518523286654241,0.130537623605124,15.202225666802521,-1.3780283648157228,13.876800451720186,True,145
structures/rtp/328_axis-z.npy,1668.7,57.612941370318204,31.74691479339995,29.193205168354915,14.06238390762583,15.402433770304961,15.62282875660818,0.3814642679753148,0.38999973394567444,0.40043004162789425,0.6098652073185489,34.83764629512767,77.54890437159978,26.290387519728146,25.134112921016957,0.5892278903117643,-1.5653600395947849,0.22153459746076676,46.15648206775458,22.226536066021975,0.25317066300957086,-0.23031412620983108,0.1262433253188966,42.53135720326052,1.4679966156422595,-1.0851814467905283,0.32800198628813,14.124201420963512,0.17152925818237202,-0.06850147068108768,15.460231153468492,0.2519004797096519,15.630393003354012,True,145
structures/rtp/329_axis-z.npy,1674.3,61.388909587060795,36.50990256871753,36.90560048814128,16.085555946408935,17.428211889291184,17.18817609099637,0.38529304997978375,0.38697484677945804,0.3662116751523659,0.6323556010680682,41.52683282984693,85.66187325170281,31.24053517778682,31.535543557798064,1.0763913036318262,-1.0292737788797313,-0.2671822675568354,53.72077711804234,27.21619360719124,1.5974782356647994,-0.5558278657842719,-0.0903630515915694,54.37430041332489,1.4522699779300157,-0.5070740880259551,0.035315659705655554,16.1495029189952,8.379486216273512e-06,-0.3235685875488712,17.452501375437702,0.43811156557515535,17.206818974329845,True,146
structures/rtp/32_axis-z.npy,1640.2,44.8727644032868,19.022117780758823,15.705853916585955,6.247751051464371,9.075489334036867,9.041891893016617,0.3586408591693609,0.40968402132765475,0.30548097440066646,0.46517606347814977,18.85208538471103,54.4770996316616,12.72435344431491,12.211273487758847,-2.734209147944823,-1.5140420205951282,0.5542767383494117,24.710584026510528,9.494519368598805,-3.4141598632793655,-0.9485547481014353,0.3224856455775954,21.620792202882026,-4.136206547522733,-1.0974478168934156,-0.045316786634478766,7.240090414313415,0.06498607123807788,-0.7894397390440857,9.7249806651827,-2.3236203352264013,9.71118905541613,True,144
structures/rtp/330_axis-z.npy,1620.6,49.033378541557745,19.053675271199953,22.276340454091983,8.226506822524419,11.719451577762715,10.46311541242369,0.3912954969277219,0.38546579634312483,0.3051399178913219,0.44785085872814623,22.03291481994288,61.18254174885353,14.119641669630946,15.977263996286696,-0.9118877840234246,-1.938613752311891,-1.5248939793100802,24.679200098226538,11.403822625395101,-0.7532207953048966,-0.21575214793143505,-0.2580226329260239,29.43303494978038,-1.6949535749508948,-0.6974805883904944,-0.4938739682613783,8.352244022338159,-0.4567743307034027,-0.2155116699013421,11.849088226262426,-0.5196974321456012,10.538580107358388,True,144
structures/rtp/331_axis-z.npy,1495.4,21.68937613957687,4.674718429172537,3.9264506546567,1.3703708440454379,2.3503670840575404,3.4129259946100547,0.477722141579059,0.3994651182167462,0.41949771749013687,0.3272094275821319,6.120850899938158,24.876032472856984,3.9169741719575564,3.1773030861872154,-0.010859907579428443,0.07206617280520017,0.48172325616376277,6.117455066476745,2.4421406372698256,-0.09416573905840814,0.029321076954750905,0.24504054782060675,5.021334769280492,-0.10095311161807313,0.02964088953866969,0.09828978680325154,1.381558578874911,0.13683592953064322,0.037660968420831796,2.364536169618563,-0.017311203114198623,3.429000734648916,True,138
structures/rtp/332_axis-z.npy,1633.3,48.38040937997365,19.3455386948785,23.83506267892308,7.779708839679911,12.536147661797242,9.917137084665004,0.38922511459161535,0.395243892998773,0.25104494065028743,0.44503883218454215,23.220964328501466,61.122067784715,14.574166023536929,17.793949013580345,3.260143425239274,1.2032178025270017,1.2225776741245706,25.28272204613001,12.165486807968684,3.4597720983193065,0.5259282937639114,0.42766127689803013,33.516685435496235,5.5802783048268125,0.371659181478836,0.18515191663809186,8.833926709256646,0.27045400186678126,0.5553364973151871,13.048418791646268,2.2645919231055784,10.35781192021774,True,144
structures/rtp/333_axis-z.npy,1629.0,53.78548906364881,29.431727189134115,28.873949978204358,11.433867036860702,13.930537428765119,14.350947713246777,0.3860223624958372,0.38858719408286696,0.3307460773621797,0.5910025045999125,30.51256148053512,71.00549898418355,22.361341257622186,22.054163933670374,0.6036301687790704,-0.6764096270817962,0.11456774690391515,40.16154184670955,17.694608905210455,1.4885400340144581,-0.26129328986925826,0.19664067525331477,39.22578430091694,0.6735876055824497,0.06889808791770868,-0.20973758252490773,11.499323180376534,-0.22382643510686126,-0.29089238216663627,13.955525174506924,0.40519200509028996,14.374409525275476,True,145
structures/rtp/334_axis-z.npy,1494.9,21.22786236512043,6.952147314643687,3.1599098622484965,1.721293686423811,2.069338886370258,4.6974499838761,0.4064408770496716,0.4686068222666972,0.586102868021392,0.478814611034124,6.696867795700097,24.82568732128315,5.0886704457532606,3.0913940553191344,-0.18273516271815138,0.3176734791923067,-0.23116294520950162,9.304694452501428,2.8123288848697983,-0.08089893641307885,-0.14716282050414156,0.021219532248938588,4.156641615631909,0.16702604135394972,0.15371164962375372,-0.02557274272974261,1.7406631997285213,-0.0019964702952191857,-0.15324644580299632,2.0929527496644997,-0.15738644460015092,4.725186029115393,True,138
structures/rtp/335_axis-z.npy,1600.5,40.69909395213826,14.937432728420585,12.821993471661568,4.598553676337685,7.045319480065944,8.912448175074502,0.411629962254695,0.3759667275738264,0.32741044122842344,0.49022444485857264,15.585390322718792,49.0912012494553,11.211767729672362,9.009081852203654,1.5478692464321346,1.5304478673553519,-1.1545242947877132,20.525133561430888,7.144638408444866,3.059570446285707,0.25371478058800234,-0.8370901879533554,15.921202112941172,1.1299541054960531,0.40302827639742683,-0.2502444956941407,5.0706967143309525,-0.054738795228206245,0.2151912767948302,7.334931133136006,1.4425108249694694,9.2847121343964,True,143
structures/rtp/336_axis-z.npy,1606.1,46.093218995719724,15.755093174202475,20.08420858913525,7.490452869122103,10.602316861617972,9.308048291800162,0.40382427521219993,0.373434469307265,0.30146536219293535,0.4399018827713593,20.025880946715777,56.623185399990746,12.584868353614796,14.431778396777222,2.232150199685455,0.07279748618833587,-0.271172730118494,21.26661840775161,10.660790046135544,2.690499355020088,0.33223235540307644,0.6269488222597368,26.9882511196445,2.7275081730406265,0.06521924120104805,0.06770950656529184,7.932724130478959,0.08227075253066345,0.4255334234622599,10.987490633208612,1.9258961334752855,9.686269291391413,True,144
structures/rtp/337_axis-z.npy,1564.0,23.217485724492015,6.322027408770582,6.14875970874122,3.2318799057047003,3.9885128489301005,4.83733386522705,0.42936831176944623,0.33549290567428003,0.4237009631205816,0.485463810350278,9.126127520157992,28.936690958584986,6.311246604833435,5.701691691301559,-1.1879827992417362,-1.5018187238697576,-1.8394615473029114,9.835537478096368,5.0408976272079205,-1.7578837289032987,0.1802664762743811,-1.5050368910801972,9.255247398054738,-1.7002463969353427,-0.5341229206002635,-0.6292752865416801,3.8537414767775386,-0.9070711208472239,0.21485330310562575,4.703127841290981,-1.2677535717741804,5.491917213420206,True,139
structures/rtp/338_axis-z.npy,1641.3,43.71797087416921,18.187095439112955,20.28822841629992,6.489917020122684,11.232098361394899,9.286808831780611,0.37638178464155053,0.4142384214906847,0.2472988641816269,0.44270534592676947,19.354950259652483,54.82043608730549,12.32866033896072,14.121061622033418,1.009270108524473,2.3597589618552477,-1.737382917694378,22.84827735793911,8.952939953436022,2.139067146901191,0.3060800736051214,-0.6659718705226546,25.720515062767408,1.669762277034921,0.9309627197001462,-0.2817153831257508,6.73641357014796,-0.20177443412217633,0.14094974920993739,11.414829065552027,0.6893603153446767,9.405668140856841,True,144
structures/rtp/339_axis-z.npy,1523.0,25.883406395735612,6.227512759071862,8.738484591124108,1.621292035848367,4.678174962754186,3.536473120700816,0.4659708338855739,0.3804378668389756,0.20119006953743576,0.28041058943711433,8.004726552175908,30.055275819901205,4.428190452748596,5.158337758433511,0.30471813824763355,-0.7412577150691123,0.27895802517101165,7.280334603150545,2.6607589130833857,0.2382139207560538,-0.03625548600041575,0.1081251983073811,10.212354298000452,0.37095953402923226,-0.13379668915016502,-0.007241038312606951,1.6410644824920035,0.0021397061281243175,-0.10210687534571013,4.758160576670353,0.4601457510695577,3.5930530566792553,True,140
structures/rtp/33_axis-z.npy,1633.2,46.04925054979126,14.980264719778514,21.010464833947093,6.8779004829906505,11.348927861840158,9.015979646022618,0.42411900596750235,0.3754304132208162,0.281860590601026,0.40422814116153727,19.48485419324916,56.55460418018788,11.885963765687132,14.3942979764591,-0.30373838219359817,-0.9357165352704278,0.3213242637367863,19.622107045337255,9.653008852198793,-1.3882643582907346,-0.05300732427658507,-0.2600407207766539,27.32043532502724,0.07142817822437068,-0.5141241222690726,0.20446001371125944,7.005937946364237,0.16173260529173014,-0.03253536806754209,11.376127279388207,-0.09221823883192691,9.02816074148338,True,144
structures/rtp/340_axis-z.npy,1515.3,25.56387502273775,3.8118277698039407,7.582463464375503,2.3527972258954732,5.11684711390131,2.5102705291882597,0.47750431995681386,0.36180488562706853,0.30401815225373585,0.20023454783624653,7.841072560688133,29.42146546350002,3.7448842750442015,5.424547245835287,-0.2942914093080822,-0.6295764682645362,0.21588275547548882,5.1957546804952095,3.5947458826538936,-0.32706395042982994,0.1884034855983851,-0.04135924935585757,10.424078095131199,-0.5225967744252998,0.3562643692005734,-0.0036105853532279525,2.395253816857673,-0.033035554210378876,0.16738692553505768,5.252279830220884,-0.5003049422108851,2.5706693121255624,True,139
structures/rtp/341_axis-z.npy,1630.3,37.84788963620444,12.697203618390208,13.22831743554739,6.16994364692215,8.928656364606388,8.556923301546593,0.4031812258924197,0.4188041464683545,0.3602947812436927,0.4824767199446767,16.403846770776088,47.13725249897657,10.961303878062465,11.344666605581436,-1.6051932183329365,1.9419804338480553,-0.231508919503601,18.965302651825144,9.124383467363353,-3.821897549718806,-0.09956589136245751,-0.1320435629455623,18.67135788416856,-2.4083047666532615,0.9522525720257891,0.25914995119441103,6.989024079382515,0.27558421708297515,-0.025318514001641198,9.241474558960723,-1.1945049792804738,8.727026515752895,True,143
structures/rtp/342_axis-z.npy,1648.9,51.083276674789396,24.424635474591792,26.106044803354077,9.67704801606246,13.117440870272466,12.602826432620754,0.396884410870299,0.3846794971045934,0.30628638031106536,0.5375924702699374,26.745257667329653,66.07825024672962,18.74946951603168,19.470645520725874,1.8409625620820569,0.8252443591815741,1.3502861809115592,33.02569122853623,14.92895488551746,2.8568222287461715,-0.011293018017484013,0.13473685691457032,35.30523768615099,2.8302262528482496,0.9421614094917238,0.5678549240291499,10.026828411448024,0.5011636176625601,-0.06507663643189124,13.26368130717443,1.0862487343739238,12.72179807394006,True,145
structures/rtp/343_axis-z.npy,1654.6,53.468132753164845,24.030311117563187,25.788198317420985,11.265660141051285,13.75612844935648,13.20237929731405,0.3842291933308822,0.3926273435357993,0.3627341333603658,0.5382223295376442,28.48365445081534,69.32609608161334,19.936659634357117,20.90781580952967,-1.7860101310554188,0.3025179887744078,0.5509785707386361,34.45569843653364,17.209851015074726,-3.441221207132382,0.04895354109072297,0.1325800630043902,36.46244262126806,-1.7438964966404493,0.25832704450912525,0.24372405673848466,11.611982130385472,0.11462213030487804,0.07681116660770003,13.847012736115625,-1.0709607561205046,13.291248769596837,True,145
structures/rtp/344_axis-z.npy,1576.6,34.56844239924926,7.555537463779727,11.697424734903025,4.331300736151636,7.367148180098304,5.7733033981295865,0.4871569762162338,0.3372734941095688,0.3353239829698279,0.34203271017893205,12.530662551368984,42.179063835671094,7.248762933367383,8.605837296558992,0.14668222977846274,-0.0991965976126043,-2.771461559591482,10.43281498093518,6.24708715572431,-0.3091227791575351,-0.016567175833827594,-0.2020796533695306,15.960709374413199,-0.21908303363806803,0.4670092401413613,-0.4821341908452865,4.410936577088223,-0.7069869832274998,0.005104577325902815,7.512420392194167,0.2667455947224001,5.973652742490267,True,142
structures/rtp/345_axis-z.npy,1648.6,55.61196834863641,27.19843623641977,25.14521033860351,13.257637752208709,13.808294293947652,14.922621733645983,0.3910514026305276,0.3808417643047478,0.43334418371154576,0.6018559001340793,31.428333286308266,73.30567170009846,23.618162665650342,22.055518255551945,-0.31581013731354396,-0.6710165649268456,-0.8273657210638095,40.69951462271287,20.173217255595908,-1.5675292361169082,0.13629379055609267,-0.6037139911286975,37.15601690036665,0.7506453288393122,-0.775866356124686,0.21818222295350842,13.41516587922367,0.324389718360944,0.1657959294259854,13.850620810179533,-0.16670007755130517,14.952360237673982,True,145
structures/rtp/346_axis-z.npy,1424.6,16.56967529048031,2.4668879782187205,3.117868340854987,0.9204625514829777,1.7785130426387599,1.5755116289275397,0.5282905932669564,0.3231431227333816,0.40620088310475755,0.19470276044663948,4.65716329141771,20.06502462034843,2.6240067800705176,2.478780326627421,-0.083454004043586,-0.4773786597394954,1.51895111965792,3.4702937571453143,1.941648277166463,-0.0981018452219633,-0.014678221760298128,0.2125433575392562,4.290280477536844,-0.19870583697180885,-0.06745009140304993,0.09103969169728872,0.9416016923655364,0.14328934209638577,-0.04253390622841975,1.8147496008614286,-0.10298600274109666,1.697907159250598,True,136
structures/rtp/347_axis-z.npy,1484.7,20.606072772927664,3.2376283888231416,5.441748726873662,1.7513624390147184,3.89859076767969,2.3962481111571554,0.5110325634631454,0.3751688334797041,0.3288203747723683,0.250074576598182,6.5899076758950645,24.225239944872865,3.4625997524687535,4.56946426083204,0.6049837675887917,-0.8388136390822707,-0.5004943298970054,4.5133309871191996,3.060226426352742,0.4334552686796255,-0.19538004212648336,-0.14999366526500044,8.386017271756446,1.412783523606255,0.11944435459351892,-0.09034242584080664,2.0084773501283317,-0.10053790003735626,-0.20890265655606163,4.2246746618811075,0.8659757031025298,2.5961042275879267,True,138
structures/rtp/348_axis-z.npy,1548.6,27.817809926330547,6.831960036308919,6.978200017420275,2.6574625430773846,4.290982827468545,4.638708672684629,0.43378217960900173,0.3822367364374578,0.3630050989198698,0.3492490341013138,8.66691811204928,32.15037616232146,5.292984793283492,5.04518289097383,0.2387541462692795,0.6693224800757462,0.4275007162068592,8.80607220723687,3.7524747363758264,0.3609346094929114,0.19466459193113825,0.1089258822099186,8.864529797618893,-0.03400654805086931,0.2750783339832838,0.013796674336069835,2.6906686038562797,-0.003889948048280095,0.2542610533061661,4.328727472237273,0.3134349563269276,4.689958997058736,True,140
structures/rtp/349_axis-z.npy,1617.1,51.17863323557281,23.71301269050183,21.062495570103263,7.525802945721632,10.756742859402973,11.52754424311914,0.3854071935373932,0.39480614022605176,0.29724943084685895,0.49948539493673405,23.00605566487906,63.43809457598215,16.257228695638126,15.155831104072028,2.1821645886457746,-0.6990306819734688,-0.6951410736924527,30.531323616282013,11.422413411055658,2.7701606986949425,-0.3551774206813008,-0.6551157614033339,27.414136370115756,3.2316064725578557,0.0034935417966463077,0.05529154269688527,7.996083592823489,0.10855218523791586,-0.3299721756457006,10.97657812817571,1.5674247602021334,11.783076713850358,True,145
structures/rtp/34_axis-z.npy,1520.1,27.209756135202642,4.28709340050071,4.43038483545097,2.3064681355896997,3.687525644811214,3.41505200887917,0.4127619917739096,0.43826768940398275,0.4834504038921535,0.260546430644231,7.51866867099422,30.852434356646203,4.157090787335488,4.268534403900075,-0.3313681119933613,-0.15007437879056423,0.559341257712725,6.414302012785173,3.5173146419853603,-0.7340386254541837,0.007574781954447362,0.17145668324863247,6.515402003074756,-0.4470774367314057,0.2166028357371246,0.04098535685153576,2.3928696149977386,0.05360511180426585,-0.04002842235792776,3.7540458791782467,-0.43549935494622266,3.4776882409026664,True,140
structures/rtp/350_axis-z.npy,1412.6,13.547613359167052,2.8236680895093937,3.0329232768545253,1.1355489351566097,1.7619737485156577,2.0036472205558717,0.49842741392556883,0.37097228454166037,0.4300250805544102,0.30777143388700834,4.389275570670224,16.309220476195925,2.7731719034582674,2.573217726484771,-0.02800729036167197,-0.6555319169073622,0.5963098719873883,4.052461133457408,2.10949989215964,0.15447236534849113,-0.17550162432058244,-0.19188286202200047,4.23001948217332,0.1089240027548199,-0.06252136049985048,-0.15570649494175287,1.1735916014598229,-0.16555350849917239,-0.19746280083501386,1.8152314211123906,0.04541308147322253,2.0830045391978307,True,134
structures/rtp/351_axis-z.npy,1658.1,55.86637862149137,27.615306982571756,36.422848403339245,12.937382701685983,15.687200816721054,14.784566086595184,0.41307581587057773,0.36252318335776335,0.2900800484449446,0.5725145383365018,33.75416505078051,75.13720562821767,23.20320224477398,26.599545772502953,0.9159073572076271,0.31013481421207134,1.141333734073313,38.384514650803624,20.12434226568744,1.404761857515473,0.40237455457536164,1.2901355142567197,50.41158461207451,0.6707560127076264,-0.38091626526322975,0.47821469975919917,12.997813330238525,0.08313703665566761,0.40508261310162885,15.727835441231779,0.6394059965651573,14.866485985519295,True,145
structures/rtp/352_axis-z.npy,1519.6,25.370625945612026,4.438220687097719,5.37007718055133,2.4574640815982423,3.8270507068852346,3.6346553542035465,0.471319019048071,0.36315491322933735,0.4285664957313796,0.2877282811656507,7.655346131928399,29.721385759731316,4.333278271399162,4.606851188462686,0.008884061904092857,1.6561251947159903,-0.04220622905803464,6.354069166979033,3.642788191260078,-0.13694845445158568,0.06555956843739606,-0.033617028474908044,7.656824958401395,-0.2932836475465528,0.35055342806843953,0.04765084450890482,2.4732698599190273,-0.025465172382637506,0.10331402306893157,3.944144278651406,0.2163250076862959,3.6524382648332976,True,140
structures/rtp/353_axis-z.npy,1587.7,39.85007337372015,15.488703539362396,11.380759148240715,5.577768464676096,6.712194245342964,8.732825574202238,0.3613223747554493,0.40788533210097455,0.4224618035760643,0.4762989052400315,15.087921574987803,47.591895714247244,10.460453940838198,8.711815291579972,-0.45695597231235924,-1.484487234061287,1.1060762420336006,20.16579629727329,7.469614307397437,-0.5526274929590768,-0.37663477352916147,0.4539939158840253,14.749835083738482,-0.4803532736002661,-0.09573364974931574,-0.23545337908466213,5.646854795152587,-0.2900101291451838,-0.5423133690402487,6.784323380110983,-0.25009771097286343,8.84283253332935,True,143
structures/rtp/354_axis-z.npy,1617.0,43.94766531366251,15.11735379714,15.041571254557583,6.073862276094559,8.759518213991743,9.196961768360651,0.39855882838936196,0.3870176517973792,0.349410680623156,0.45219886148732524,17.1763991122306,53.06697211154892,11.480922695518098,10.927895363743923,-1.0935011653973377,-0.35729074730198157,1.9355914711080842,20.375976500009312,8.461626373930192,-2.288670872033106,0.11643558646129937,0.6475446227638285,19.40375453213274,-0.6171728588051577,-0.3223645187744706,0.2878026935641408,6.3562615463249985,0.3559242800241745,0.029396396519312005,8.91596780588953,-1.0671481582381837,9.402582099842393,True,144
structures/rtp/355_axis-z.npy,1439.0,17.2161897080309,3.6114556385243923,2.7422365113876306,1.1727488537447266,1.6111028474010936,2.659686474292603,0.45935481445910986,0.39599389463212514,0.5235535829685678,0.3209126523098714,4.98535021476754,19.95088056717005,3.235372464328373,2.5546589236381405,-0.049175295392115737,0.508820429040376,-0.5015696755134156,5.109798542326504,2.2068870647640337,0.10282182698685696,-0.04641714996443159,-0.1902424595899205,3.8136359179502124,-0.16027539255329953,0.10182839538783389,0.025014693027549037,1.1895555996717133,-0.0177299728946414,-0.008254048140972895,1.6310673027710356,0.03419071946636322,2.6821090199950346,True,136
structures/rtp/356_axis-z.npy,1638.6,52.663139927192965,30.678183980037417,24.293105625303376,11.007457012520467,12.996002448969543,14.552933110794571,0.3780215792349927,0.3987531659957994,0.37068652378664724,0.6273744781347095,28.766881589145505,68.80207456858815,22.308922418086492,19.219865941181432,-0.5179763260561423,-0.7314332666035077,0.6427429685600371,41.732127171702935,16.323764975508183,-1.028658527770207,-0.084699850967368,0.4922014481156554,32.66262589246624,-0.11760347226115746,-0.8567248341079554,0.049444750565607896,11.036035111077561,0.004672070930270804,-0.012140718103789765,13.043326199266218,-0.5243786816719177,14.584308533629311,True,145
structures/rtp/357_axis-z.npy,1504.2,26.892734746325882,6.43304006243067,5.399960414485601,2.3910137013728607,3.790508338410974,4.451102304516473,0.4267413653403374,0.4229890130153793,0.41969926299716614,0.3584568229686386,8.272769862251396,31.246564052478686,5.281716115017109,4.629442337723729,-0.6870761235000796,-0.5559598666908058,0.8830177478500977,8.807642406839127,3.6893466950773735,-1.0718454388057685,-0.03998722174958187,0.09696427921673154,7.19971200530833,-0.7674451836111874,-0.23099131959780533,0.2025384690333927,2.552356795872011,0.23408372279822906,-0.11483157626579432,3.9722100549067085,-0.8501733075703729,4.653638450263143,True,140
structures/rtp/358_axis-z.npy,1590.4,32.58253070982523,11.049400016285587,7.855366051404809,3.113036445012464,4.90498613186415,6.516161834975813,0.3954347425252511,0.410378911447999,0.3765405471356027,0.4266009263571763,10.699582847775256,37.968823098156875,7.260015562644111,5.807466346588668,-0.19645724430793104,0.9515632741864647,-0.4672011687304341,13.69761142463687,4.38924288192357,0.11123795647937906,0.25414274420164423,-0.3746631208674475,9.716361524870868,-0.41884001968766965,0.6279921933566271,-0.12202502826082388,3.1483099234705554,-0.13292545759577457,0.2180281545172328,4.964233522635972,-0.19137679652723924,6.550202870986991,True,142
structures/rtp/359_axis-z.npy,1632.6,50.39511949725363,23.138606459867216,24.577712432443295,8.297299111076114,12.181165684729876,12.027298015710153,0.3959754440922833,0.3918983319024986,0.28022523133242033,0.5144049566405948,24.306153909857137,63.81511624963533,16.678437568769027,17.42730718437571,1.5702458516868478,-0.014670407776862196,-0.33552411894323675,29.895626316957774,12.39958953398588,1.9485054446218972,0.34863043586950426,-0.2503421081799767,32.03397404785992,2.3488301469970647,-0.5136133678612911,0.07810592103543096,8.523112695451164,0.1623427412801319,0.31355829856022116,12.285589775073465,0.9858524085030649,12.123670576506342,True,145
structures/rtp/35_axis-z.npy,1530.1,26.316369046969843,7.136172029419019,6.137413712490086,2.3778039506202133,4.238208757360538,4.562960071930046,0.3863135787067237,0.44880471826430224,0.38381130187849494,0.36199050286396295,8.363939972096986,30.85087232511111,5.172979019518572,4.952782416385415,0.2261083199456741,-1.2407284384247657,-0.32998806400715586,9.050280284501275,3.5601704428756262,0.16553873131554198,-0.33443937388046063,-0.059099819133423374,8.002443381701267,0.628861428369557,-0.12114747402321478,0.2935415040695411,2.4754972336263856,0.3028074205269633,-0.2909485201683515,4.348840432225091,0.27135446352727083,4.6475767550893154,True,140
structures/rtp/360_axis-z.npy,1516.3,21.37582164387544,4.697061618577334,4.432556362288471,1.863524549376089,2.985991720564604,2.847131557513745,0.39176647667663506,0.44117296686195706,0.42812880512688556,0.2716344697585705,6.436484681764741,24.96613008507208,3.684192327534113,3.7211787383181227,-0.06955707186928418,1.2132818588057197,-0.13361937876238783,6.338421321087228,2.914202971510191,-0.3106089569994813,-0.13103388839505462,-0.3146231807399294,5.984662654998501,-0.3172948164066271,-0.07503847069006275,0.03973608680442307,1.8999223176990043,0.041829361607296486,-0.18397400936341915,3.066281242057929,-0.042619258187149935,2.890453939101863,True,139
structures/rtp/361_axis-z.npy,1643.4,50.64925928495165,26.98110349069074,22.07694991844587,9.366261284354191,11.94482662524129,12.76671529305196,0.3655177350247513,0.4140000925844406,0.349130577456476,0.5596526754557747,25.489453269680155,64.61599979098925,18.790009169174937,17.11598978919243,1.4263312744393408,-0.5736680749342336,0.21848458742905824,35.89756517338752,13.875159597112845,2.490528691391032,0.18646911133652191,0.11601427076029758,29.32919735178422,1.8044989737532413,0.6569797258192629,-0.050074451556190246,9.574290811593269,-0.11677367630569058,0.1794327388816835,12.027461338307472,0.7800524282267005,12.823319128454811,True,145
structures/rtp/362_axis-z.npy,1439.4,15.229851209111443,2.451137102334636,3.9524566797945226,0.8533590977744315,2.190035826482358,1.1728279240367911,0.48715515245078544,0.3682471837198738,0.31089982386793524,0.15843888898912445,4.509537625025342,18.07204835592768,2.3231817303748077,2.839127737996452,-0.21593413489244803,0.7950852610717697,0.581593477714061,3.260733054979744,1.8729818778927743,-0.2475420346956158,0.017873230276909378,0.03856318020494496,5.182474521792586,-0.22065453522426073,0.05658705508472706,-0.03356845906800032,0.8769440274479905,0.052608934146440745,0.03738422293889374,2.3262735914915376,-0.3113101897033653,1.2476164654952493,True,134
structures/rtp/363_axis-z.npy,1541.4,18.297203850543323,6.117368548359879,5.115848076085009,2.301181903464063,3.9374208758486975,3.634884128137328,0.33643125086368747,0.5339025625778738,0.3621535062483898,0.42121814698191967,7.072642625377702,22.346318268757557,4.416905292420136,4.830839292403247,-0.5718342210483686,0.04561903178925547,-0.6220653164518407,8.188528245661104,3.5652479195683955,-1.1905726039981874,-0.011464740010939018,-0.13892063101127944,7.492952105197096,-1.4250972021343935,-0.4671697646705122,0.2025477308584191,2.63329877015322,0.21145617331301075,0.0279611922130841,4.094084096329433,-0.6647735215033294,3.7760970551832167,True,137
structures/rtp/364_axis-z.npy,1528.7,29.315502497457008,6.0307346296503,5.7511290297683955,3.1128237594752695,4.129456064159754,4.759050610108057,0.4764216167321556,0.32844115348469016,0.4658029847414892,0.3501747843897487,9.241844865929854,34.75406159917985,5.649252340206103,5.342086610962157,-0.9967939765490597,-1.9060962294624946,-0.8082186986779436,8.815040958687815,4.500331419103249,-1.0479585854131852,0.18034456037112115,-0.2094188755712303,8.624160494958005,-1.376151589503232,-0.9778832998324329,0.15996785781266015,3.350426114293385,0.1007588263484237,0.06680111408620157,4.658814525095907,-1.1533375916615254,5.095885153482946,True,141
structures/rtp/365_axis-z.npy,1596.1,40.413329276384914,12.00826123438996,12.607107705137542,4.779188005500095,7.73593075485599,7.1915037074568815,0.39630962461452174,0.39974468105374533,0.34014963974721457,0.3702316144239505,14.209015112071333,47.64398988939691,8.653994972556937,9.156079286827335,-0.44655383878440685,1.1051262147001757,-0.2806351991394095,15.270493947527363,6.560870785324116,-0.311532098069213,-0.17913378573330396,-0.03006986856516488,16.224762082300945,-0.78036509984604,0.5637575683542766,-0.06606682147630555,4.821083983105714,-0.09941665930222267,-0.15622729909620256,7.81242990191675,-0.390650443367813,7.217664382221644,True,143
structures/rtp/366_axis-z.npy,1500.2,21.07384181583431,2.8740986981695746,3.92378503990754,1.679342371308005,3.0372024787205096,2.0820573974634087,0.475136433311276,0.3893616725439313,0.4115464253788244,0.21881420140117877,6.0594381458120345,23.99922282502368,3.126552949001359,3.730149025301108,0.4973294160681709,0.5257553218109629,0.2333699879321496,4.418855276679447,3.009763737796885,0.785508095889093,-0.03891660897759414,-0.05323775968144531,6.383933786406477,1.2103613019723098,0.29010270829127494,-0.05964629792591384,1.9347414111297403,-0.09883268864733899,-0.014511052831604344,3.367975611303003,0.8138103603686554,2.2836182950161326,True,138
structures/rtp/367_axis-z.npy,1647.0,56.96046347438807,28.250079899010434,35.35081416350056,11.943956513374822,16.00401679057922,14.0540190280767,0.39197054740471093,0.3787617670376154,0.2798746407880302,0.5372863578135662,33.80216996535595,76.350041643469,23.026338755985524,26.594078925989812,3.1834242213768125,-0.9135733676466121,2.5467462544479895,39.26185296644991,19.965361307215353,4.440705444158684,-0.12006463481074761,1.3409153526741169,49.43607709990332,4.589775321152676,-0.5455463269032984,0.9318519161582602,12.603189357413514,0.4313784611310031,-0.010344146612688907,16.23321069646235,1.6401170427764542,14.325049054774368,True,145
structures/rtp/368_axis-z.npy,1547.3,31.337484972759384,5.795855840853288,5.0521798695517175,3.4892076316545224,4.660852125315792,4.901797675233822,0.35064665343712137,0.48823599618897096,0.5501317237115853,0.3261361793386121,9.456811232250907,36.21308504790324,5.5426379537345625,5.474306596548242,-0.5253628545165644,-1.3042428647816433,0.06301902584258841,9.332964413926046,4.867287598955896,-1.598987976669319,-0.266665143673284,0.10649413575704993,7.7967873299514885,-0.7115187274930057,-0.1531312927403949,0.051610056211499854,3.778860126678395,0.0851858902047662,-0.2246761298746969,4.792239626942032,-0.6455435430482293,5.001371216949606,True,141
structures/rtp/369_axis-z.npy,1542.3,28.03736927832148,9.027202799517223,4.305558836432008,2.486113433014776,3.296528908256248,5.950417029564225,0.3580134959897893,0.4973059327193859,0.585123920600401,0.44889618869090375,8.893893991832917,33.330975337215406,6.249935342502107,4.401466938930665,0.48534671114494493,-1.5624325223145628,-1.372528902732042,12.00967159430933,3.8241907520565754,0.16643954386048126,0.0758758343763441,-0.3849838218749377,5.753212927992813,0.27697842288768637,-0.349279091012787,-0.07638094350091815,2.5059288418786885,-0.13762976786352898,-0.07351746420059671,3.436132739583857,0.5161474523289217,6.078287819706366,True,140
structures/rtp/36_axis-z.npy,1636.8,47.37943385434225,19.040322373442866,21.348991771196182,8.306748213985529,11.277406980814805,11.047546618450783,0.40747767403888185,0.38549186373908123,0.3120774551014443,0.4946020345210416,21.836307316510663,59.603307153022996,14.700440014415097,15.515832017954882,-0.6153685847691265,-1.5399805186138271,1.3723348841342669,25.13623252476743,11.505139910935837,-1.1617315860045143,-0.39062389334804504,0.7951864021464408,28.3444022841939,-1.8055099479202856,-0.030742132702788052,0.4460503758357918,8.47276415877223,0.5219361134613747,-0.38525054431476,11.357491314277011,-0.1266759188851853,11.104524721291746,True,144
structures/rtp/370_axis-z.npy,1585.4,41.25043980592777,18.087410914348677,11.676906324412656,4.817774012284892,6.881272454044631,9.671467379385179,0.3965328312870103,0.38067015387467007,0.31227862863259337,0.5322873200398202,15.966357206560726,49.80922952181758,11.825434061909021,8.767430511528291,-2.0869358456429663,-2.3779753234927323,0.41626448089318724,23.35279443197219,7.077027790228205,-3.0368033626228073,-0.024998184893301984,-0.13744613508481898,15.195406177925744,-2.8300698639057806,-1.1515013001919479,0.071969893223464,5.493420170086824,0.19337829270164725,-0.03201897538738501,7.375859905985686,-1.7902630412768359,10.109146345147707,True,143
structures/rtp/371_axis-z.npy,1491.7,24.81585541516787,5.854155515622103,4.814751965926332,1.9182512512942733,3.387315034356071,3.6622483516414714,0.3779816895512604,0.4893372930379984,0.39712342931985445,0.3213726204483665,7.416000224112453,28.804657836809152,4.451081256460362,4.321680954367881,-0.6517268468304942,-0.8850697423500712,0.5963845445026009,7.710002076443923,3.131133689615518,-0.8770812016742282,-0.18080039216785027,0.1135787831781519,6.421550302871477,-0.7950612060771945,-0.14516036148573624,0.05283541844747991,2.078667240851546,-0.018098845772986174,-0.29104593042184795,3.598983327436569,-0.8534360334875507,3.9132863614583298,True,140
structures/rtp/372_axis-z.npy,1616.9,48.06625619213634,18.392274869512,20.548355303161134,7.037142998973249,10.859200423425838,9.8395959941606,0.3898699675721773,0.38807949224229343,0.3055504696342757,0.4315888168994058,20.413633976263107,58.82874385080355,13.115459149884051,14.226598877293286,-0.09777777173976805,-0.571065948922063,1.0556193601532258,23.590567285596588,10.045031346795843,0.9527998098806297,-0.12199302032577442,0.22383812325823382,26.52921590202143,-1.0259579694403014,-0.16279386285846428,0.0038233789571563014,7.170995777996613,0.10061518760569194,-0.13610786990659338,10.866135771173838,-0.013575328456400897,9.864671230327776,True,144
structures/rtp/373_axis-z.npy,1416.1,16.880406201026567,3.276220176956909,2.6979178162685438,1.1956887655938924,1.8159176667267065,2.6384625145077005,0.4929557770482801,0.3898513539072141,0.5222007607342186,0.3218192890182884,4.974900451610886,19.778179621890146,3.269608067878896,2.6614778171433082,0.004351025385310689,0.6444109265021152,0.42011604883327425,4.768985077166551,2.2461713714754903,-0.06451666378798951,0.10400669733560966,0.05875526373557522,3.8724248524458895,0.20123221523267512,0.16213936746746926,0.07099413974779413,1.2221387472887688,0.08024774062528252,0.09504909632535755,1.8446790628413414,-0.03424922824291778,2.6563883801097203,True,135
structures/rtp/374_axis-z.npy,1626.4,45.65243543740678,15.560330586847547,29.187997886418756,7.5564614214280965,13.250774273346968,8.44697877218758,0.41739927112489716,0.3629069467962875,0.2115756682026281,0.37495833740450535,21.784382330280746,57.279304717934636,11.963737021344079,18.090375426315337,-0.39847765270122576,-1.0675555227173537,0.0559068375746896,19.59309092371117,10.60493448802003,-0.4325025077449373,0.09197654835116814,0.84709847403715,37.86895145952201,-1.5948305055833336,0.0019769142888285134,0.08649113374408743,7.629502139150223,-0.07965390465731102,0.14624958935166701,13.282507563216189,-0.1686459135737327,8.495724961027452,True,144
structures/rtp/375_axis-z.npy,1438.7,18.049723108840084,3.1903533808737308,2.8932632035884263,1.3750595441232731,2.0366526613779707,2.344579910356016,0.41983587748606893,0.43304806981153016,0.5165029637753742,0.26520081522098504,5.113799803863726,20.728780546639157,2.985354033526796,2.80298143661263,-0.08589739892482887,0.575448561717921,-0.3189093196330032,4.643970422504799,2.3845686688798957,0.013212938997854968,0.05116821541242591,0.05787641477945901,4.305638987590938,0.37980772250243355,0.023073477561059017,-0.0011183561691344827,1.4241256057325944,0.019590932048891622,0.01865838849964848,2.0543708062319803,-0.04118981689132985,2.3527855880455193,True,136
structures/rtp/376_axis-z.npy,1537.7,26.69936707926625,6.850533432687221,6.218843745809572,2.7915349338230095,4.44645575072297,4.175392266552193,0.3738725864070257,0.44038449403494584,0.41722291055262817,0.32825175590538186,8.643701056579651,31.54562597307462,5.3039273285070605,5.167512390948272,0.35438178508824647,-0.5138855131925927,1.5325993620831748,9.13981879403826,3.937947984707076,0.6124384173139398,-0.20067281715440574,0.2446061547869668,8.289089333779172,-0.06832840516732706,-0.5275423444770319,0.04600956740712958,2.8799881269460355,0.16421027555819018,-0.28509746491464555,4.507856795795151,0.23963873827099025,4.30694182900959,True,140
structures/rtp/377_axis-z.npy,1616.3,41.14211923558473,16.027448181985047,13.128512529107963,5.623040101934163,7.475787021844204,9.736572977122993,0.4159229570246125,0.354900671048899,0.38796827691769853,0.5200391100100017,16.785109021439567,50.211988197967095,11.8850135122577,10.127759436728098,1.4463826652838803,-2.386750440967964,-0.9699553436436357,21.25736178612013,8.624953841483723,1.2455909302943002,-0.2312812436293897,-0.37626186056631117,18.321177627929814,3.100357258064189,-0.8994359475842355,-0.8794383124861038,6.23539842800096,-0.9506389156515365,-0.3380639721802354,7.862539583958256,1.2465246424388445,9.96576290246609,True,143
structures/rtp/378_axis-z.npy,1616.7,44.468508883924095,20.669010959719998,14.554157352947001,7.1928944889508974,9.087934895939492,11.033523971267686,0.36828406016394316,0.4294933209211887,0.39271990919779937,0.5556032823686907,19.598276526122888,55.22170601305945,14.59950352313551,12.071044664977736,1.799019916251735,-1.2090403397603608,0.9163943689120264,27.77396195212939,10.241423754717053,2.819300147686451,-0.36822593920923297,0.11764217204722162,19.564876884256552,2.4754143205507235,0.29469615183224673,0.19391467806601717,7.630960649577424,0.19576036569694322,-0.36767782498420615,9.31819095983565,1.3813137817012655,11.284914520223671,True,144
structures/rtp/379_axis-z.npy,1601.1,34.5786908622868,9.633827209400136,14.325704824325816,5.595578351483956,8.322425689278113,5.777504503731253,0.3617985557276379,0.3896948028479347,0.3262186016375022,0.35920722135375976,14.174887747834772,41.968096654414396,8.073913221058916,10.371556286452943,-0.29218338400107313,0.15827760066804214,1.9443842211456324,13.334487848591962,7.609118883285065,-0.8116973007072888,-0.042544384530883786,1.5617203462033487,20.162228445912746,-1.5979606623603162,1.0171782422354096,-0.17146403408585925,5.738017615905787,-0.16149245217807098,-0.0031350115605443215,8.39468717716577,-0.0008926182752612113,6.08751772557513,True,142
structures/rtp/37_axis-z.npy,1678.3,50.7176130372752,25.824044690747286,21.08263354718391,10.069235992718646,11.854562593231888,13.246315779677902,0.3766170397351231,0.4055965412711651,0.39874120451640643,0.5821861808443533,25.87482989779838,65.11927425045586,19.489667363601107,17.26644350780845,-0.5933293288908734,-0.39976647667603843,-0.9393808503605312,35.77390249236018,14.827362551471829,-1.7835769480142507,0.08002642325757707,-0.5948894993266233,28.8133454916066,-0.19333246088326714,-0.06348404869852955,0.06354186662495927,10.17293143577243,0.10621016872478745,0.006289894175696739,11.869606739508942,-0.36027626684939035,13.282463283443583,True,145
structures/rtp/380_axis-z.npy,1513.7,20.49694513739769,5.73269714934305,4.306213889952073,1.6884947755454094,2.7777156842848494,2.6701890016588985,0.3225084146003286,0.4948895937223148,0.40574747191055144,0.2806481755858758,6.24933136558055,23.58601155531109,3.616117414877477,3.681748253811176,0.21544159445364086,0.6224473710288119,0.4835669506936801,7.128305057112098,2.6144543114486583,0.25674530577181753,0.19966321989785935,0.15689801559839903,5.70502571752714,0.3040552687287697,0.7677787618218482,-0.047130108299389455,1.7705018109439659,0.011242342662065606,0.4170295469002464,2.9047808273758875,0.20612869584939733,2.8022571785778823,True,137
structures/rtp/381_axis-z.npy,1625.1,39.76200265739002,16.88665107154057,13.347487396934513,6.233373146900022,8.617691968069591,9.221770596450583,0.3583493386814272,0.4432452685785164,0.3763630285766026,0.5070542539707885,16.670650052836116,48.92746015154023,11.783796781208585,10.700876345845476,1.113056323745479,-0.3250570810939648,1.1961188983942244,22.172802950022167,8.281002436093576,1.620738774412737,-0.26987358897342545,0.6850843747880466,17.404236247667367,0.559481463556493,0.2438446981437701,0.03456867836722646,6.367938604644981,0.059789473262420706,-0.2835249420199775,8.754960801885233,1.0413248772739918,9.416926259992808,True,143
structures/rtp/382_axis-z.npy,1679.4,59.31068843658935,32.574931089762615,43.69305004636741,13.781704584415102,18.09739438100289,15.285021354839357,0.39409042151139667,0.37799625156235744,0.2726765149985838,0.5500255598854256,39.47718862607563,82.31532634330706,26.717054353921558,32.72083550899789,-0.021564647220846896,1.6564715179480065,-0.05153345632583757,44.87615885898145,23.83369932008546,0.47325231832255577,0.3720952895834929,0.2002153717912414,61.56003406638235,-0.47139467846801664,0.8881670486709324,-0.18737273449498035,13.79845134948119,-0.1327532866143422,0.06096668027275028,18.13726171796766,-0.20738713376521603,15.29023533981197,True,146
structures/rtp/383_axis-z.npy,1636.9,42.74095036990409,11.688934613799754,15.955890007402038,7.219987189378945,9.406481114776406,8.656388022747219,0.4459666043728696,0.35042597938094494,0.35262418844880034,0.4359969120927797,17.28256454169565,51.7883358561558,10.843429887799521,12.004955436696898,-1.4310308801992997,0.22131284725980033,-0.18104634477081236,16.900557825564434,9.492862837309714,-2.187290095440823,0.4770421939134935,0.5714498403503562,22.171690869928327,-1.3180621886263602,-0.4423805938418722,-0.3252680329806572,7.527166112094577,-0.33223021870671937,0.3397443853435834,9.678009590218615,-1.359921849692575,8.92592628406628,True,143
structures/rtp/384_axis-z.npy,1448.7,15.986561905358275,3.415213558790942,2.6151631037356373,1.1425634434753857,1.7753604781915784,2.063585703712711,0.3424749427992806,0.46978431852527563,0.5346585628193774,0.26095231471542213,4.8285914097714295,19.353548812148496,2.7983521361263177,2.716644694014131,0.1216321616831195,1.5076917653294517,-0.28159399451465617,4.81371538132511,2.2293977474626456,0.21840249061443961,0.17205485415092905,0.06650985407226133,3.801269339263074,0.3081130299120873,0.24666666548855287,-0.004518112976908989,1.2025981995233985,-0.005483600548402823,0.2680200916411071,1.9202364513427046,0.2043367021112815,2.1600584465885246,True,135
structures/rtp/385_axis-z.npy,1487.9,16.587652283724374,2.9215348771748717,4.2564519988619045,1.4064712152087464,2.682142640204423,1.7878538979407024,0.4580672167924186,0.3728483272566813,0.3652232142917149,0.22602968576747617,5.189062306425321,19.821776500671405,2.8084746661019606,3.2507736196324353,0.3033364749972788,0.42764744051105746,1.1438199315215198,4.02650967102949,2.4039548933182466,0.05894769628742711,0.034181247544778956,0.09933867167920969,5.926868228021705,0.2711146065469919,-0.28184047427375447,-0.11532057962754444,1.4246102967208354,-0.09985725447767112,0.005723302006896756,2.8002306584360195,0.42157922661542657,1.9227556337674785,True,136
structures/rtp/386_axis-z.npy,1641.2,47.6107003821247,25.36898760466409,20.16360496975492,7.467290577458987,10.871204012659636,11.880661116532208,0.3784194564759471,0.412529353559378,0.30645796603513564,0.5496763266970945,22.342699130114838,59.86387318253123,16.565955869574747,14.53113823026037,-0.5409535978015678,0.09233127720453584,0.13725740176249035,32.101816893044,10.770727947030233,-0.9932531563346527,-0.2641956175372822,0.019847808445432075,25.38295800172763,-0.8147896657837573,0.2025958237392979,0.07783646453737499,7.5146698311672955,0.09876995859332026,-0.23704998223970675,10.88921310991579,-0.35439500402560764,11.899920071110227,True,144
structures/rtp/387_axis-z.npy,1571.4,32.43236359507752,4.544775031444324,7.596522109160568,3.2363869670152585,5.781088578358241,3.7566517542415756,0.46338076838770087,0.3644719888372647,0.37091390525570583,0.24340154421571059,9.79594231328496,37.67627472106458,4.820292952933344,6.497331944205104,-0.7754873370842523,1.0612240375932545,1.3469500124532663,6.6718061578577075,4.742904715462681,-0.7679839533746486,-0.2797147268989099,0.3196780539154421,11.694340715440093,-1.6345731508341548,0.660257253213438,0.041490837640519015,3.491281976117701,0.1404266125183398,-0.28257464683641065,6.163777769781626,-0.9879874433899619,3.998598349543188,True,142
structures/rtp/388_axis-z.npy,1571.5,32.65093928377629,6.584235786560618,6.5690175153288735,2.7616511741562983,4.2442743126043,4.237687401267532,0.4149221272418278,0.39896443948219773,0.37197228871227495,0.3133996752326067,9.66728855801312,37.16142410706616,5.5058646474228015,5.576227199316088,-1.3346007027842572,0.013806469578399693,0.5690078660851936,9.131492743236302,4.51081020677268,-1.6750884763585756,0.05169506884677056,0.01470048675655287,9.526876064792468,-2.0589868860667306,-0.021575989613717695,0.09247577383640274,3.284933841766367,0.14750017509524038,0.041492539820714575,4.966099145849421,-1.8763232709892477,4.96042102697935,True,141
structures/rtp/389_axis-z.npy,1513.8,23.388037783636978,4.671032642145167,3.8261464011853032,1.9269212524391532,2.9453946364249863,3.3689954361523875,0.3408598515358674,0.4883793712862039,0.5080787125488403,0.2986444645544015,6.920794094708111,28.316646917639662,4.090323948798109,3.7806833989336046,-0.10707967551464592,-1.6367447802125488,-1.8474167160988872,6.648868542416394,3.065867534055045,-0.465195763891312,-0.19267171020129825,-0.5331847073362136,5.447881628743432,-0.380522712122406,-0.2889414582014167,0.09267572720618378,1.997147649326795,0.04245061678853407,-0.30459413086920645,3.0560230984808645,-0.12113570327125953,3.6175286255758428,True,139
structures/rtp/38_axis-z.npy,1700.1,59.607115762502055,36.976614938369025,39.29095880687475,14.941584631180506,17.356468905508507,17.133981539248506,0.38732452307193543,0.3795665487250361,0.31538184582953643,0.6560792937411767,41.35975842630001,83.59914432636873,30.817339749122716,31.742286112190445,-3.3808825148135706,0.6746581071349238,1.8004820160801505,53.78368986390616,26.468424276065285,-5.216408615308706,0.1929210160248985,1.6147913189946885,56.79889137166835,-4.739598912284154,0.8811739375278499,0.9337674010187726,15.581648378004054,0.5439854606276616,0.006238579067133607,17.516536033513184,-1.4204665920858306,17.314524534712184,True,146
structures/rtp/390_axis-z.npy,1579.2,31.083080290444226,10.073550864412846,11.114630843933286,3.9219081816498713,6.288125327085732,5.589154123454741,0.38799887628031593,0.38280525819398153,0.31402963756864405,0.3930142024313996,11.571492844606688,37.19325771665731,7.195426896350513,7.488359202755087,-0.4409459931178773,0.3017204533451202,-1.6594745455045994,12.953192843502611,5.307917627481585,-0.865489811513271,-0.6674848009258612,-0.43824966787288555,14.013577588125916,-0.11005975980528869,0.4759497026585938,-0.15674176516836077,4.1283180204632455,-0.18650894541292679,-0.82922757567822,6.438716976797028,-0.46750576761110313,5.894786777257466,True,141
structures/rtp/391_axis-z.npy,1681.3,53.82199240341448,28.315582925051356,25.06517756570501,11.237915305742582,13.384401066690534,13.875492464689152,0.37332365514280835,0.3996944696885424,0.37887358614621097,0.5726624609978777,29.016076813540185,69.98273459967113,21.45066676165359,20.211555759304463,-0.527153242835263,-1.1611402745199855,0.08926914850548497,39.13077001964052,17.077593463279648,-1.308040880426061,-0.33456030679697785,-0.10526364087142148,34.55155473407462,-0.19145626839291868,-0.4052575902052583,0.051565684649034035,11.298428402394164,0.0012000690943247364,-0.3936694875671672,13.409493932273785,-0.2797372641714308,13.896246702717535,True,145
structures/rtp/392_axis-z.npy,1481.7,21.085511370755455,5.0827182113246145,3.95631290438238,1.6959557073722782,2.514245470006042,3.5319038950372996,0.4262490827505513,0.40662858785310846,0.446162603356744,0.34557457656887736,6.437170807852847,25.15516295423482,4.055496905536692,3.424245398240302,-0.18250935915568925,1.4115841609943833,-1.3217390292558338,6.850190374962739,2.8078412522613747,-0.5809881820719518,0.08886766113974907,-0.26947110100591476,5.354016829401326,-0.6050735391543277,0.3743690901813427,-0.05514341770334823,1.7852935379994703,-0.08923057134244261,0.08464271430397234,2.637350807721286,-0.3643389130700669,3.6457540802617867,True,138
structures/rtp/393_axis-z.npy,1519.7,29.00723656779917,6.112272889771529,4.233789588059757,2.709786398703426,3.8048072813969918,4.466894038610121,0.3501642026528521,0.49731708737700286,0.568766805168325,0.32156710650363907,8.208927569659114,32.936325657141936,4.914912178940612,4.3336132741586555,0.19584816032006355,-0.3811955585029958,0.34232958045831063,8.745807472084131,3.817350191563256,0.6300611048825709,-0.02774131415736199,-0.05765800626085361,6.0664637083809065,0.34328871289776236,0.053617557809937655,0.1350556802475879,2.763115163358799,0.08707736515533893,0.13171017287928885,3.8332150249151695,0.2963600787340518,4.505382426163636,True,141
structures/rtp/394_axis-z.npy,1633.1,35.34584109659921,11.219609264360788,26.29314570767923,6.007717922782886,12.269502171360756,7.366797455199052,0.4702114520767398,0.35754948857429475,0.17275189794522136,0.41398702905179263,17.961883626707284,45.622262617992305,9.54168887686202,16.106234797662907,-0.13126551694005173,-0.8533996784029582,0.09371319401112076,14.29712954327019,8.155146243746872,0.7467720411687458,0.16362019404524863,0.9822599820689869,34.131420642559476,-0.1111256921181132,-1.6992518285035147,-0.2857379956913317,6.079014226869013,-0.3851452196178983,-0.0459415092562329,12.423559772650425,-0.19384328838972878,7.468444764787326,True,143
structures/rtp/395_axis-z.npy,1606.2,38.45302734882262,11.9752529168972,9.072579435987398,4.802563407304154,6.512962703281344,7.990518348865364,0.38726942805800024,0.415705543673234,0.4788226567836227,0.4432379443820724,13.543318823558593,45.3196169724887,9.150602367320312,7.879535962745401,-0.3788120179938994,-0.13058090214759746,0.6751298051007494,16.416695601788483,6.6804161770312325,0.5361828145790705,0.10449685077634596,0.22450765182638271,12.732447823556255,-1.4629551052784513,-0.05329074257301273,0.0743079453264542,5.1055269501889615,0.16323090607307725,0.022591032082078927,6.530861067865697,-0.30275591560528137,8.015739841959997,True,143
structures/rtp/396_axis-z.npy,1484.7,22.455225498129188,3.508431280220552,3.5742986000820336,1.7799595095954026,2.4664854174898116,2.791141724759805,0.4714030278873312,0.400867739716831,0.4733823258372582,0.2960789824531443,6.42451345517061,26.070755506930308,3.853260226459506,3.6011368621545317,0.8722381226468809,-0.9230932114997563,-0.6560222648650964,5.4912937217851905,3.0053360812320222,0.9722737986896758,-0.0563116764637254,0.03602476673404751,5.339105528127871,0.7471880001293684,-0.03981291157426514,0.03651171140627692,1.970118338932855,-0.00405877987073765,-0.10967955236884071,2.9160875135499116,1.1886856476894443,3.289066697649665,True,138
structures/rtp/397_axis-z.npy,1619.0,42.905120137550234,21.156389296058855,11.218678250979115,5.775266351990872,7.03666640377041,11.14129528518288,0.3646157736821988,0.43385054512985965,0.4526140070139541,0.5821911095808956,17.17295961757077,51.81403231006523,13.454601891228256,9.110262672670942,0.22398453031750454,-0.2682265993178903,-0.7847239119309956,27.458121388124532,7.9538765851466104,1.179365760973573,0.19003300799999845,0.011572912204070388,14.247000561855536,-0.431940517595112,-0.39178980177841594,-0.3325496362320838,5.890061445077429,-0.251401349953158,0.1754677533362764,7.070876732666543,0.12067967809576548,11.166259679216928,True,144
structures/rtp/398_axis-z.npy,1645.2,45.608545358818105,17.48732235639133,16.509617047297137,7.323058831304566,9.864430944443301,8.761733669953042,0.36054811244321844,0.40939858261116463,0.3417978642357511,0.4516447010866003,20.24461816881536,56.15153866899496,13.302014356492037,14.077116210338101,3.5433744667202878,-0.7704528934084693,-0.41435162027620775,24.069305369356258,11.358649035531089,4.071074859747299,-0.3537138515617811,-0.6578412222647937,24.50516027626457,5.307194517951164,-0.8180248308669447,0.24145632440347828,8.632172017814352,0.05958249511505199,-0.3275684945418959,10.87590243093082,3.0458503742827503,9.676380299911697,True,144
structures/rtp/399_axis-z.npy,1469.0,21.562623058948187,3.4543375517969044,4.178351035473125,1.2094939834696325,2.4398196938180234,2.336511673588804,0.4895951120007381,0.35871898467006197,0.36311533609661395,0.21954303162014766,5.729124719121764,24.86927715826968,3.0720729836326837,3.1325014556687583,0.14130372352205603,0.989543502225624,-0.8510813112827632,4.519163147138136,2.194192608747813,0.1644390870490412,-0.02811088675480334,-0.22264523170365577,5.37614807058955,0.09158620038436163,0.23841837155126464,-0.09218250841292391,1.2210688800172311,-0.11428711337195573,0.0011699315118350192,2.526819384732265,0.20828121490103596,2.3927121426715723,True,138
structures/rtp/39_axis-z.npy,1589.9,31.930651898488016,7.551257210104308,8.274858720124646,4.257292605057037,6.249014901910449,5.299439011626752,0.39219567838136354,0.4187889499506157,0.4069288102478343,0.344794652802846,10.937515002404288,37.76737785196422,6.410635666709286,7.271883769708322,-0.7272115766796735,-1.3882826966359825,-0.6103859818305046,10.442171603197135,5.498788915681258,-0.8228217393042295,0.026641055792917447,-0.31712504161808813,11.865468862279505,-1.2323162854998573,-0.9661439911255522,-0.10822407212704045,4.402899119230723,-0.08422915096729866,-0.12232356139798055,6.493478401885167,-0.7259921391355888,5.405818517396664,True,141
structures/rtp/3_axis-z.npy,1648.9,52.78630108869634,28.587888818712965,26.46129100311451,8.105017699464245,11.685745898977018,13.325403056085946,0.3833584032491327,0.3791339002529742,0.2802829645206031,0.5604574061973887,26.422173620213364,67.06058288471371,19.25084629284386,17.767033583009805,-1.5031632414279017,1.3790762112655024,-0.021749667156424173,36.942220365075485,13.236276577995575,-2.618259035353378,0.22524472659241426,-0.3536215687739702,33.288446424432586,-0.9472628962579476,0.550399810661326,0.22380527642149514,8.299885919926487,0.2607414261944963,0.17972769855615878,11.780672192413268,-0.8408334924586897,13.39766048062988,True,145
structures/rtp/400_axis-z.npy,1587.3,39.961215860062815,9.820278648964207,15.30543751824445,5.057564529283975,8.922034924928756,6.680408987560653,0.4447287715744687,0.3703057288786877,0.2789115116684996,0.34137736669571694,14.34522615678043,47.3066133912728,8.031900802497288,10.187582911649628,0.16145243262493025,-0.18456351254046394,0.0350308284172792,12.622094658896987,6.559069858956044,0.5775261145573146,-0.028168166236685305,0.4045067969634314,19.621220214648158,-0.14980068694915566,-0.10322121372907853,-0.1315273705662299,5.11022492584224,-0.3464081757288178,-0.014704677440524446,8.950320913018537,0.15608148563786822,6.703748980643653,True,143
structures/rtp/401_axis-z.npy,1587.2,41.38490826097475,12.97548431029118,16.206362107001436,5.775131755035256,9.039024880863812,8.043063650829135,0.4241413618665218,0.3693624449327023,0.29863258057819647,0.40682866728371353,16.10038138256924,49.66789656859913,9.967832038761333,10.989523807083993,-0.6861529597352907,0.4111333484359347,0.34993547706973827,16.769640617412545,7.82733661798918,-1.1129067977351548,0.027127754103077897,0.2817495053390547,20.89651032944246,-1.256977619479937,0.40868029800652383,-0.17838228676220155,5.882420854807743,0.016062225944656776,-0.05417719194515998,9.071923470362268,-0.4269486830899351,8.07556217187567,True,143
structures/rtp/402_axis-z.npy,1604.3,38.339944663467264,11.983121517946879,11.859917370615385,4.49094463321444,7.283541466240356,7.246315944358378,0.4048432522520089,0.3952384302686918,0.3444443472132979,0.39642727993043836,13.59712429679795,45.31230338426855,8.629214883000165,8.513307999141647,0.190900294806537,0.28781663406482677,0.9015437657336098,15.324972495530956,6.145491098532806,-0.622843824611915,-0.2425193621476846,0.252437434338742,15.160814830032795,0.7859367397748221,0.0021995846601377232,0.09794326289599065,4.610959659046257,0.2506834187799463,-0.13749769935378578,7.305750980649612,0.11247590493585001,7.271088497002683,True,143
structures/rtp/403_axis-z.npy,1571.9,31.439382061689503,7.301431625574178,7.502091532054605,3.023812662416485,5.185855605339118,5.470217013639765,0.45507204687791825,0.37328111306672296,0.36796718048995986,0.36418741282561035,9.937153907078919,37.494307796267414,6.015100499015226,5.764485193387035,-0.35357287171992124,-0.23289100113150188,2.803804196889049,9.53448570553527,4.347157791950218,-0.5822579144387127,-0.09545775985875551,0.33315066747316285,10.152104693202638,-1.3961793231022004,-0.173954430155491,0.49643702716845733,3.2778847878176247,0.559229948009847,-0.19167090866690353,5.32202167716003,-0.5093135505866212,5.732165531693674,True,142
structures/rtp/404_axis-z.npy,1488.4,22.7722072522822,5.32989201942544,3.466118630278901,1.8452816889246806,2.715591893677189,3.631057301950665,0.3443583703291614,0.5470467704537706,0.5334985831219683,0.3480312460131747,6.781130350023547,26.324423746036683,4.252563458199385,3.7325255161264153,-0.5285590515226933,-0.4869967346033747,0.06780222625239452,7.573657632713443,3.1086104139951063,-0.9087796636918261,-0.02958376967980254,-0.01521936327046446,4.944692994819982,-0.6357432778291493,0.002607464650797739,-0.030781783758029996,1.9738610654112096,0.005073694216127972,-0.00865864951555804,2.882216053859804,-0.7770011912335764,3.8408485189023613,True,138
structures/rtp/405_axis-z.npy,1477.6,17.286605068281315,2.6396437150520358,4.21407062433219,1.4021573243721837,3.1746761710608347,1.6379783862695942,0.44307821346065435,0.39682043996488936,0.35492147704658944,0.21142669054327673,5.778664701539092,21.34125365966214,2.8448714424703567,4.050855561197703,-0.6571333476715948,-1.8291489425381402,1.4895465160270762,3.8473574936372876,2.859591882309131,-0.6158497337482505,-0.19316804276472746,0.17958709650306287,7.308733388598015,-1.597504899722529,-0.5693876103900145,0.20133427714933852,1.7701308878079933,0.2795359683218901,-0.1811077659101725,3.745843843056159,-0.9771620160431137,1.9553144396021869,True,136
structures/rtp/406_axis-z.npy,1425.7,14.55033958385309,3.2124316036410265,2.353009303060867,1.0230985647550837,1.306242499283017,1.9946986745040767,0.3905709867296092,0.4512734048725455,0.5321610403891656,0.32111910810383143,4.52730590966729,17.462505328039786,2.921557346678324,2.3879350208175043,0.3243612381184211,0.1327642222485263,-1.2545149886130036,4.789842093565814,2.1836608859621416,0.5676118013647489,-0.10758560967299434,-0.33790018217533574,3.5070992584840734,0.5096021467130121,0.09132641170525886,-0.010512557113037967,1.1197101263760079,-0.013197557508399372,-0.10053692969551553,1.4622651466837462,0.5719492928627272,2.3346881233795003,True,134
structures/rtp/407_axis-z.npy,1634.6,51.49850656413807,26.51511330515935,23.07148494229375,9.829258234802788,12.064025776844584,13.063137644142214,0.37873805622699386,0.39417032124602996,0.36437993943638153,0.5669735667954223,26.6115188414792,66.17850062546898,19.68508711483642,18.090230485129666,-1.5390486413469644,0.11635621475540746,1.3722389767118528,36.09827836761235,15.163609388611663,-2.0574496562604723,-0.02459472342390621,0.7370279319498766,31.349036603075977,-2.1901769073282265,0.15146659830696677,0.15024563517328407,10.018287026397948,0.11083929209154546,-0.05985139513946078,12.140745537078534,-0.9878032834279001,13.180268245308913,True,145
structures/rtp/408_axis-z.npy,1503.2,26.639106490048334,4.645791359956021,5.931905910016301,1.669419578193473,3.628850752702737,3.4425646036846476,0.49458623584280387,0.37052401601966917,0.3194502804380805,0.26523522118486625,7.228308825380719,30.15345340633,3.924223084597339,4.139680218926412,0.25757574362442187,0.3737996442275483,-0.02807902379938557,5.8873727047779365,2.7261541475111195,0.22854259897902146,-0.074074417045493,-0.20180896460355383,7.433838415248793,0.1900931258381551,0.37781947617028255,-0.00781887170924617,1.686202647387725,-0.09242214419150017,-0.13149728091183616,3.684727653891581,0.2742035033793678,3.478457852946782,True,140
structures/rtp/409_axis-z.npy,1609.8,49.055450154376004,18.8560594893679,19.327352246883397,9.2773080164284,11.331136689893277,11.133982906623778,0.39489026610651545,0.38202629123641213,0.3841569017952391,0.48757416305744156,22.20189892800692,61.20302083620852,15.135509869854275,15.259436513456203,-0.6384245677442296,-0.9634179420945477,-1.9522745323046655,25.973908261301574,12.506223406727809,-0.18946727724766332,0.07197915798673375,-0.7491326455228662,26.837821674475617,-1.6317143706469008,-0.7143411330804,-0.214135117379202,9.405620866997644,-0.2817027713849034,0.1876113623668483,11.401099553028015,-0.4663619454891472,11.230664051779842,True,144
structures/rtp/40_axis-z.npy,1546.9,31.483166193443914,6.439046879403865,6.719913559525534,2.928766137283825,5.0565331448358295,4.602881154341665,0.4404759062130224,0.38866260198492664,0.40508342143085857,0.3045950287708363,9.398800963259045,36.198678167963806,5.433149515950291,5.491010088243695,0.4919243466050429,-0.7122263058029346,0.7475815077727637,8.680242310410131,4.266354277746971,0.5744494421056006,0.16455887502076857,0.08125357764299392,9.329260427075566,1.1327898826647615,-0.3987235209150008,0.05184328090842427,3.077354976004421,0.1223685062492819,0.1572948842195777,5.177403925702007,0.5433734825299843,4.6855135424550225,True,141
structures/rtp/410_axis-z.npy,1517.2,32.951377078244995,5.882584863952476,5.463208990405952,2.8267628559410753,4.187970085810491,4.817738302405906,0.42230544457461694,0.4016958382533803,0.4841145330016388,0.30297647562996416,8.97149649081306,37.08731806945002,5.130697294082237,4.733777725719051,-0.1166562372998023,0.05880806885008039,-0.5849897737263723,8.244356591783808,4.006037693590984,-0.1715350821676726,0.00249962986407035,-0.2636497191208745,7.670768329299175,0.47124373968743877,-0.014880551991911583,0.012256638468152004,2.889388423219937,-0.12446606813138075,-0.004211090983988705,4.197199268916668,-0.13500742382204467,4.841052167782111,True,141
structures/rtp/411_axis-z.npy,1498.8,18.02728430840284,3.286688719486453,4.692724249887342,1.9503513075974759,3.401804240193988,2.230810178360391,0.42385125633477566,0.38760664641561793,0.37827981631138236,0.2610469008720074,6.0146006772889695,21.43076849698631,3.2378561499539424,4.023928816224767,0.38300399950244446,0.7870463870755942,-0.8715015491208441,4.8894121671699144,3.130464340864559,0.8054847844045707,-0.07629988288300223,-0.21871263764506588,7.026726817357961,0.9346102052516924,0.3492019595393764,-0.0503411660569461,2.1308910448548204,-0.1557576454570192,-0.04176256830079195,3.6272490235397696,0.5831937723567615,2.374601693014439,True,136
structures/rtp/412_axis-z.npy,1421.0,20.938133654282577,3.4597946847810106,2.9306416540627453,1.0393592063963584,1.7620844758505698,2.272121907947808,0.42442748053813123,0.44894017141902204,0.47555558630115835,0.23128222294405962,5.340861670152773,23.602643129396682,2.9488593601171913,2.7577118212589595,0.2935888863702762,-0.29942234283772723,0.4526645603978303,4.710535716293671,2.1435893814458407,0.2784797763181614,0.01992802021357297,-0.06705237590031791,4.054255060040622,0.3730767745012574,-0.029687444951401902,0.05347395217993553,1.0789493677404027,0.07042025501311881,-0.016190550937846878,1.8515526989346767,0.4262360184801855,2.3884265111824496,True,137
structures/rtp/413_axis-z.npy,1641.5,55.79444794028669,24.0959374411595,30.10808624036521,12.180100592296082,15.056506027717832,13.578281266890931,0.4033214296775238,0.3774769943759005,0.33333545833133615,0.5183658261293171,30.399522407344598,72.90336982146458,20.48814538795045,23.438788690704122,-0.4551827264401702,0.03125480136445928,0.22117753725951264,33.74752101875423,18.213464831243517,0.10403250473540472,-0.144546464591883,0.26639092410469806,42.66401300608638,-1.5733089606950208,0.047422483310497324,0.06916400672772255,12.262831046105642,0.07390904049222055,-0.11010606959764713,15.061951419477577,-0.22695306759197292,13.58513055761606,True,145
structures/rtp/414_axis-z.npy,1649.9,52.23551833860775,31.027339288846072,24.57954867807591,10.832427412975711,12.451153982833743,14.906656714783598,0.38473989631201083,0.38852757754356854,0.3661043117629988,0.654827124035317,28.97313366643156,68.4759120440989,22.793049690405976,19.139497563525133,1.127640813423308,0.23679013435910226,-0.6571737611683688,42.50994849544362,16.51426306344995,1.8749206566432908,0.2766863834490383,-0.14485654826279834,32.87872182357943,0.8362801898105555,0.30026833223985155,-0.09961845971685875,10.918471788894543,-0.06685025561283213,0.1722010988962571,12.4891401023786,0.7121421673495658,14.957188686384994,True,145
structures/rtp/415_axis-z.npy,1547.7,30.565440182130992,8.203562738247339,7.821949282689511,3.0612799767365435,5.209546896914182,5.3154189287085645,0.40760303066169196,0.42917528125992926,0.3663014909858264,0.36215253702746325,9.922823792945959,35.768050886255054,6.152358899936542,6.0506848598031135,-0.16119304197990586,-0.6984032325194729,-0.1357510887833559,10.472374079644135,4.327405458481123,-0.14238964257514494,-0.1502489684959068,-0.1263559601942143,10.004090734172884,-0.0057737359777904305,0.06730481538115536,-0.18515951382003457,3.090796790247129,-0.2121288048309226,-0.29793733690323493,5.257854432992163,-0.25618814188383626,5.362698994334581,True,141
structures/rtp/416_axis-z.npy,1669.3,49.289049880794074,21.13946637251131,25.580618416413316,9.563442609908913,12.667480470741026,11.980411314470372,0.4137990050904858,0.36952927847009126,0.31851801132601437,0.5217162427391118,25.384283307390856,63.48906333362022,17.296027910740424,18.89705781318681,1.0215068642915615,0.06668460993909311,-0.4400672604383431,28.83802785005768,14.445953180659615,0.67252899469114,-0.24339060077206803,0.14001396691138832,34.85338077366609,0.881705587925709,0.6705221343036617,-0.12332055369606038,9.594585058727107,-0.015137045876430498,-0.12348437220954128,12.757759764091988,0.8810204298567145,12.049828440769774,True,145
structures/rtp/417_axis-z.npy,1502.2,23.987521304348995,5.004758498595857,4.900740533766312,2.237360053942367,3.58732845078413,3.80283992036724,0.46077402719868654,0.37192739469108055,0.44132132757165776,0.31713757201865206,7.341388875580822,28.456238242768645,4.3867103921739465,4.284634229418768,-0.1309608932509472,-1.8771900597033662,0.19424826087693006,6.8958435348861915,3.309109587813475,0.01241702721945016,0.029669033836928083,-0.14290374332023104,6.759509683760182,-0.3090912132963866,-0.536388265446697,-0.039848035556075787,2.263471119816137,-0.09494638258874766,-0.09089809262382877,3.769328947202726,-0.13955015496415354,3.8166758110864643,True,139
structures/rtp/418_axis-z.npy,1464.2,16.680537437281014,3.163266118107159,3.9868965899074396,1.1650859313510147,2.464130643324343,1.6889386443640582,0.40008398612769536,0.39153461982662385,0.3438532037181863,0.22777430810473492,5.470350945838315,21.939364960823184,2.923518615751847,3.45405330307672,-0.50345453169084,-1.8269960832162693,-1.3278972776126463,4.2830491839621985,2.3105117183540256,-0.534096800932653,-0.09473143356849222,-0.18905546850401903,5.634577093394268,-0.7773838140590061,-0.4743187324578601,0.13312360262573764,1.3046075009415425,0.02559835591001876,-0.17302784365828058,3.1407785744696817,-0.918050349044111,2.1656606221372883,True,137
structures/rtp/419_axis-z.npy,1504.8,22.740670774529832,3.4488854070310073,5.633245706283279,2.099402209595187,4.193452465848072,2.5982881011561747,0.4702242357761723,0.42014886923031486,0.35682119567662673,0.22652745055231022,7.050598439011655,26.983229006421634,3.6404866635890634,4.925441553940912,-0.028600195802087332,-1.3303379664892525,-0.462882583051192,4.887449043558949,3.190346367761804,-0.22571295285596218,0.04199869030532438,-0.1748769137747208,8.072158730540757,-0.09406642896556076,-0.34410489930572197,0.29525165018098465,2.1225039313152347,0.20954417024644267,0.021944327504964327,4.302753804886779,0.02968112280736317,2.643885955910662,True,139
structures/rtp/41_axis-z.npy,1567.5,30.53724044320756,8.222874420310683,7.47621010461345,3.349405383773104,5.382443073732877,5.517210920860542,0.38202918846369033,0.4394989890773368,0.3909381373758997,0.3950265374499015,10.59335287092177,36.91471221225592,6.58817574140164,6.652998863139679,-1.2760272500379406,-2.6251836494316363,1.3064420804271393,11.191346004014557,5.116836124217398,-1.520606536150843,-0.5428276809793325,0.134177962814487,10.518096164508005,-1.7697544688288607,-0.547030007539871,0.465471902850654,3.7846942102690653,0.5554238340530224,-0.7156739004706305,5.915597897344902,-1.469712968867453,5.989893347464861,True,141
structures/rtp/420_axis-z.npy,1618.2,32.829597452544135,13.403018594260304,14.374954873556383,5.82635398087981,8.634143064629832,8.008577078776453,0.3784742000262219,0.38958057275637353,0.2974631530469106,0.5406860323269622,14.889210123214362,42.0884743098073,10.263626464636706,10.115734204279468,-0.7944443842071814,-1.5767809265794555,-3.640374680681374,17.756692189285523,7.317955985065774,-1.377905496971696,-0.1648650693625906,-2.188004492882122,18.763091301872524,-1.586526728506255,-0.9141617127457143,0.052117147255068885,6.006303484713772,-0.04236385746162608,-0.033685241022142716,8.772017113296261,-0.5653564481918166,8.603625355407281,True,142
structures/rtp/421_axis-z.npy,1586.8,41.88272341069902,15.414987365116668,17.441161671335806,6.005775287178922,8.923775197248492,8.409737346469399,0.39474373158099973,0.3738986902120621,0.27947821762253816,0.4336363839414085,17.236704196732905,50.71567715403294,10.849071399046926,11.807727608063823,1.6908877542841418,0.7169714644648784,0.9720970872803939,19.58013318612433,8.402137846084392,1.8140836403679532,0.1006405729242881,-0.17097777009700646,22.7166537240486,2.6784124048919264,-0.055661003884885804,0.14658348476114344,6.366269390810847,0.16985731881957622,-0.021588872526867354,9.160759722840748,1.3888428441537612,8.64380537980494,True,143
structures/rtp/422_axis-z.npy,1549.8,30.268957448320368,7.879083405258857,9.056455787356429,3.2374813972042884,5.443398406124121,5.374691222077883,0.4644573547898192,0.3668401340089772,0.2885201786673317,0.3840031898605393,10.802730471408376,35.92068582264715,6.4924627688784,6.774625813251552,1.097861482112684,-0.17716373209964015,1.567612736302464,10.54205637851901,5.329766483400798,1.8275203927132182,0.23524445242316533,0.3557605311955711,13.568121910447733,3.2429260411728054,0.11413969212593537,0.360373257048965,4.091751815786956,0.405995683138969,0.2075373130013868,5.694405456319027,1.07381927630826,5.65026576228733,True,141
structures/rtp/423_axis-z.npy,1542.0,31.558598599398504,7.904331291552966,9.448442785394155,3.031753501668644,5.8998594100405715,4.634442418524734,0.38031910178027034,0.4207011062133277,0.3122569538288955,0.3049314365490157,10.339833725580414,37.051680224074765,5.7767098531766115,6.807436178780253,-0.14250943006084854,0.45568774574480386,1.5543483568983456,9.887652302473228,4.393961399285228,0.04633827113836607,0.3759173319891241,0.5700016289120201,12.162956141191549,-0.8171874229155441,0.3488094863227363,0.10081812338655265,3.136519849536417,0.18414245267502038,0.3811738945240562,5.937250533196579,-0.12495834445256916,4.768360821612938,True,141
structures/rtp/424_axis-z.npy,1649.0,56.21135418262514,31.13043479043012,27.838880900289933,11.910070809316473,14.196233077995336,14.707206411603849,0.37814762052711903,0.4004014088437257,0.3444381191169153,0.6016574932763297,32.506881167093816,74.7092970122023,24.455407116537753,23.141160898904616,-3.8747380051990508,-0.29767609415054036,0.8160597377696666,44.090697268699365,19.50842483786495,-5.216845300992468,-0.3114424786720753,0.9108019983116629,39.55195051632799,-5.116987657015944,0.08806658481135382,-0.23497141316083814,12.800533687101854,-0.31237631574955843,-0.3866199890284796,14.56067314440977,-2.303043971220092,15.117814711005101,True,145
structures/rtp/425_axis-z.npy,1597.8,38.59460400639471,10.472275385502021,13.747502423551138,4.605548281619691,7.625537345197791,7.467463462334417,0.4495308819350097,0.3637086929809798,0.30366537739666366,0.39986474455152343,13.959769190627595,45.97971922440823,8.456982572497356,9.295414481001613,0.27439792065325913,1.3313167435926645,0.13319376250012407,13.785074083764385,6.415795325952001,1.2376082148204095,0.07623196693985225,-0.21122562036913325,17.536744648573805,-0.09519123663425835,0.14018450600027674,0.29294416180384564,4.78155704742297,0.4379121687912546,0.20412336050505245,7.717099781263851,0.2728188132567492,7.502009753095214,True,143
structures/rtp/426_axis-z.npy,1601.1,42.8823481851525,15.746913854091089,15.883035546418231,5.94444373761223,8.934144940242344,8.731116346898698,0.38764893729786815,0.39595702719359577,0.328874189441252,0.4317466589735934,17.126506492120612,51.816534184791514,11.16196066671221,11.34445824774083,0.6963886342802654,-1.0303798765992407,-0.43541314507891565,20.181903941429088,8.379457547970134,0.9141549441631199,-0.22164226374067084,0.09381711713118542,20.368367378018537,0.7327944298848049,-0.22970741256445149,-0.17271931609136296,6.0002492744291205,-0.22327651172080362,-0.14816992526525263,8.997397845688754,0.5709226515518441,8.776238144213533,True,144
structures/rtp/427_axis-z.npy,1639.2,46.00973309757373,23.91753370839615,17.103400380275374,7.627232487422886,9.414544770023888,11.879724275754546,0.37595780771693055,0.4072921267449625,0.3888164040949991,0.580090075794049,21.683441819693694,57.7645928675431,16.6206782660158,13.481122017913764,-1.0488143547098685,-0.4849518089170832,-0.1376267092859751,31.76594144524332,11.472393784633425,-1.4277480500010844,-0.11953065083942643,0.10815097795676366,22.472053927330844,-1.182199723526373,-0.6827816763770658,0.08773705879443836,7.717014113743414,-0.0036711762214425942,0.11719995039007619,9.477932626354429,-0.6919337045187962,11.933588269831926,True,144
structures/rtp/428_axis-z.npy,1489.9,21.706424759300134,4.159915819102635,5.536236954333138,1.8747755299909157,3.675159979082104,3.0191059634995807,0.49102107632427056,0.3685586299267403,0.34771592584405736,0.2806729451999099,6.752131899022721,25.547718500094458,3.853755920991211,4.2595680656011,-0.19536827600968704,1.2991588489078383,0.020662012705290562,5.730347416778754,2.9674870513887943,-0.6115811628182207,0.014948104916085496,0.1370196597107539,7.329499098369061,-0.17961237194486027,0.39394787704401535,-0.09605258921830376,1.9487532153583464,-0.07714331362627996,0.06338853188471531,3.7808975238244016,-0.23985629868389063,3.0444541850667703,True,139
structures/rtp/429_axis-z.npy,1518.1,29.367953318875415,7.553308165214269,7.648676506307932,2.6498464763228804,4.4206616644837675,5.428343973744521,0.4826417516861142,0.3652241883363737,0.32951048654157505,0.3941483850651115,9.448177769596144,34.54141020214412,6.138973252427388,5.374901796902296,-0.5053071217738084,0.7889140661208025,-1.0968590760820447,9.935171894113173,3.985936253580754,-1.023214530864656,0.31234870869881365,0.1500151928947332,9.557395224287118,-0.666254985463467,0.04199053868523615,-0.17397863459073523,2.7973531727092666,-0.18220024860832093,0.38559998396341466,4.501581236501276,-0.5516981110717777,5.5973873278222515,True,141
structures/rtp/42_axis-z.npy,1453.9,16.144011599743855,4.697831604311141,3.316239636253928,1.2684184586631653,2.1594863460942646,2.183034647530624,0.30012846248912356,0.5441145524848302,0.43234713875502595,0.2878383105350815,5.139955681200744,18.800222118388252,3.0148398617562755,3.1155861204537647,0.19241040873324536,0.3469298384803859,-0.35441752004806715,6.143899210914684,2.2785876604716675,0.6064980398032527,0.10788637607282804,0.11545874611415911,4.497452516140348,0.30591052122545753,0.5456925266983536,0.03417533057199237,1.3527131046055139,0.005522108619499014,0.22933379506084023,2.2719567616053777,0.2972256939763553,2.2718188799497003,True,135
structures/rtp/430_axis-z.npy,1439.3,19.83177108738753,2.6642353808963803,3.8879012313041708,1.150363081679385,2.7779919869199494,1.7092650413511217,0.4756355016165957,0.3959678050011809,0.3750766562008687,0.17359978668204346,5.282122898304971,22.459207227762796,2.6246627399806637,3.1867704591012194,0.008505717440656707,-0.025120429863337273,0.47495885710455366,3.6596334948016547,2.2103117629301083,0.017918714448976997,-0.01136724309669338,0.04028274003075576,5.376775438156308,0.17539015207306677,-0.12433853400458819,0.07347339745549064,1.1592685649892225,0.06558789224118886,0.0149537573827679,2.789099904625141,0.0750681112644726,1.7216363460072395,True,136
structures/rtp/431_axis-z.npy,1520.3,28.407446967580302,5.290974986450894,8.033937893267664,2.531690781404115,5.246738274420831,3.2291659580515666,0.39711385366929247,0.38425439210469614,0.30231251181761293,0.2324023482480697,8.68860751171156,32.94706242003151,4.201346172237943,5.782969733868395,0.3481321174873732,-2.080805303240837,0.38002553234518655,7.103968718214659,3.7720316136627936,1.0329873402236804,-0.05994699838479722,0.43908679872167994,10.633741427619613,0.7849219061205902,-1.0761023581902602,-0.20315127769887584,2.702730385396865,-0.10152910383969739,-0.12627974693975547,5.542509516620101,0.5375349857470373,3.3402859790299577,True,141
structures/rtp/432_axis-z.npy,1689.8,59.36412824584506,38.29025694055093,30.918669871491918,13.848344310392452,15.269031991359862,17.145124981545887,0.38240125700534794,0.3939592239105424,0.3792576758736299,0.670967089200982,37.182625955004745,80.9006306893124,29.72946843525589,25.69899146708732,-0.5426594788676742,0.12768415313541567,0.9642974218272001,54.26938000138789,22.726146413274773,-0.7385774289265282,0.07629598561172382,0.5063625338123602,43.16441027310652,-0.6218625562763332,-0.13593073907711195,0.09468116693572554,13.86195480396887,0.03164566726838061,0.0937378930715944,15.276720863472194,-0.3249312656290223,17.167082894317726,True,146
structures/rtp/433_axis-z.npy,1492.0,24.978771723157518,6.641979024486,3.569753078923251,1.6293923380930346,2.28354913223511,4.490945080087523,0.3587863317480918,0.5020793827337411,0.546028251479913,0.38744316250805594,7.207811571799224,29.2762059446278,4.876884185577221,3.3430358652506644,-0.018386990865419367,0.7771754579961185,-1.865351340759223,8.761796830592552,2.85816555246013,0.05674165503642569,0.19117942194204463,-0.7078477000847667,4.6761301643966355,0.19773854491742,0.0533479295852569,0.11332696471861883,1.6557692256747922,0.04564814325047222,0.28701785362754095,2.3069523181558855,-0.071427731827986,4.72667519268909,True,139
structures/rtp/434_axis-z.npy,1514.4,28.252351631691962,4.652642896734175,6.249282003675414,2.0911251332031804,4.338173636604783,3.429221855303884,0.4364619875779771,0.41953240042513834,0.34316299640058906,0.254689927566559,7.992013320760282,32.12829584869626,4.061378151903498,5.005070050044031,0.4406519546013527,-0.2925308346013254,-0.4495360398064443,6.131617319129414,3.3931381782652537,0.4971825273342954,-0.15168958400015406,-0.16203852313733488,8.749033958591294,1.1691444246669247,-0.05279727512499148,0.06009070083590365,2.2506819434727863,-0.02485245094555855,-0.04187516656959282,4.508695690669868,0.7744045434271103,3.574180617606361,True,140
structures/rtp/435_axis-z.npy,1643.1,52.47797489718278,30.20688187174913,25.59585011625093,10.375099372812226,13.216788879923389,14.024444113414118,0.37962156183470847,0.4006526026828273,0.3422132248958354,0.5983697509111199,28.89701786510058,68.93831642708848,21.885896727960173,19.980887969351894,1.0545229929422657,-1.1595974901750954,1.0894193614980447,40.56919515825645,16.194844585849772,1.2272766757353628,-0.044831633422445366,0.1311971159334548,34.44239063423662,1.857280618756553,-0.5491665059578699,0.25608897176760403,10.491128101625783,0.3610770458498469,0.10466941742537207,13.288968834081311,0.6492328185129075,14.077372327566437,True,145
structures/rtp/436_axis-z.npy,1564.0,30.427571290009162,8.86899928683476,8.256923642496263,3.169037295108606,5.405155322248593,5.619863005635665,0.40486266854199804,0.422993900916864,0.3466906488464037,0.3931497459728632,10.34087285537344,36.31315421863377,6.507215622499803,6.474934704018108,-0.688273794137317,-1.6158488574853982,1.1504434165004815,11.308420867643607,4.405594996278223,-0.5051125343409532,0.1568840703860805,0.7940577796327389,10.670789966491325,-0.8742487770030989,-0.6875956598048718,-0.03494316439637385,3.243566095994046,0.06222598652745208,-0.0596137589875378,5.672202089608806,-0.8990303148453797,5.859098593776413,True,141
structures/rtp/437_axis-z.npy,1694.2,58.00010999970116,34.3138691044739,37.18287976467475,14.042790487360456,16.797307065681828,15.632385058012975,0.3806110096897773,0.38439552094274915,0.3279911202266274,0.5992742427857128,38.22239044514938,79.92554022622481,27.6961621406416,29.541688653420014,0.10334812068501159,-0.16519613328007324,-0.8491010895706205,48.44559119958561,24.05288446421998,0.17545245310562127,-0.3060926808572436,-0.44552534347116324,53.04891206397082,0.7410701227622375,-0.3670814704470704,-0.2945987375185646,14.0632544548876,-0.16076750774674214,-0.32946496009395365,16.80225744057752,0.02130343825878549,15.649860501703289,True,146
structures/rtp/438_axis-z.npy,1638.1,45.45527831308923,19.321190179716208,21.812522976474177,8.317740105364981,11.868807296012552,10.708853560505675,0.39801779641553187,0.39345575562821333,0.3119357807468259,0.49967858138435706,21.969537332067816,57.753107538655506,14.807810501881045,16.112239579772552,0.024953175210612848,-0.06868608281409729,0.9539599408156788,25.532673292923494,11.79286198429959,-0.47627229617604044,-0.14379961333299823,0.37301504599425717,29.01423102512497,-0.26905132098650203,-0.283077815626551,0.22540684921665646,8.335213529306447,0.24061391461888895,-0.12633155459184658,11.880622254157446,0.14393848206115922,10.729422550232648,True,144
structures/rtp/439_axis-z.npy,1497.5,23.09379215509847,3.2296795979495734,3.9003121982949933,1.7580107027911263,2.6516384270054667,2.730326130845124,0.5248878352393609,0.35332096321347517,0.44163009635747164,0.2754496443744002,6.499414428829684,26.48649649138222,3.824865024683483,3.668890602115701,-0.81386972201411,0.37166916470458267,0.03755276251103908,5.1263723114218696,3.0388195965853213,-0.9194916256898069,0.10439126516183196,0.10421616692241947,5.8167106098940495,-0.7304603130996489,-0.1350423270290374,0.0723080845531368,1.9449222614548871,0.11417779815374117,0.08620850589659132,3.049133975047812,-1.0666149760746078,3.1210691642229427,True,139
structures/rtp/43_axis-z.npy,1530.8,29.368496834565732,6.311303899430235,6.743767031361999,2.890537928870557,4.772161386876658,4.555578926737344,0.4298355968550067,0.4257214246062353,0.37255596309179545,0.34396707464815535,9.414692002161216,34.189908267244874,5.605932679473332,5.861685242451343,1.0194821545622612,0.18459964420988864,-0.2616796188780704,8.947372592418752,4.541551615009153,1.5777664372871911,-0.028304042772428657,0.041584538845581324,9.57660808591967,1.6234345909637358,0.18043652288421522,0.008537938523246736,3.2653156248663993,-0.012507708558145356,-0.016921521808889405,5.152468387937374,1.3545210206926066,4.915973232370032,True,141
structures/rtp/440_axis-z.npy,1606.5,39.65501735571208,13.870424130379202,14.659146208680994,4.363218158901751,8.138247543277824,7.257019926760814,0.3854546314477292,0.3993254089095299,0.26302993638029804,0.3826132076800841,14.661478910605938,47.496136083845904,8.935192858874423,9.76378614679372,0.8123967724240074,2.187510598556147,0.8309770169508289,16.683410887727447,6.103033024336081,0.5499952961047975,0.29054660593354814,0.2052716002598212,18.16973916387164,1.404860438241443,0.725207050198789,0.3143609512383212,4.49469010904544,0.30086339722952454,0.3820437526726682,8.344113449576309,0.8461560519683903,7.3769630892379725,True,143
structures/rtp/441_axis-z.npy,1582.8,38.16426869444019,11.050914965116478,12.00278718718257,5.463844373738788,7.674427060233413,7.622943782876405,0.4238770418176827,0.378033294033128,0.3717335030018873,0.41721512098083746,14.20944413802683,45.94612894603898,9.004790524069799,9.329014081245461,-0.8391725337105198,-1.8931925439200685,0.7951754025732943,14.832477852030943,7.128019595196098,-0.5902879169613514,0.04586734565685077,0.36697345785713853,16.18274204314883,-1.0806162790662766,-0.7842407055246051,0.2003693470114682,5.5456643842641,0.29764057769221736,-0.08418401734217391,7.868708946329011,-0.7369068365153163,7.706242489457966,True,143
structures/rtp/442_axis-z.npy,1592.8,37.92725467153605,11.326506853913102,10.658440581694563,4.707590497233263,7.342496184736705,6.465082173256581,0.36950087321572544,0.4062114962850809,0.3923336852440792,0.35689591698776774,13.555964924257704,45.4592974332066,8.15349181101988,8.830598477408916,1.039770820805364,-2.918991490074597,-0.3619761083694863,14.724861931396228,6.485724059659297,0.3070913171734072,-0.22102680666005095,-0.1597795551832393,14.87989625754033,1.977046195787412,-1.0777861847572503,0.20585304097290108,5.014439109928828,0.08657996502954146,-0.18246636260144236,7.776404755276871,1.1232048441353373,6.657144853248877,True,143
structures/rtp/443_axis-z.npy,1666.8,56.2973540072795,29.26218217222411,33.24756492827511,11.813483860450324,15.550948342874209,14.397676401881798,0.39055643549442076,0.3863118102888054,0.2958927462829623,0.5548515616966975,32.540978992086146,74.7642227856348,22.744061610668954,24.867304503077698,-1.6281939065509141,0.1879085165619851,-0.680369636603098,39.75135383505232,18.805993751518606,-2.481599461500808,0.25595610905322835,-0.5660371998526985,45.51851457755765,-2.4768919018263356,-0.3770074666006536,-0.2860601351481411,12.022531672887771,-0.23127750530292535,0.24066038834910664,15.586811007030224,-0.5699699008051665,14.431733833821855,True,145
structures/rtp/444_axis-z.npy,1584.5,37.82162997338655,14.131301291117177,12.523087449692586,6.108746165365241,8.044779774946377,7.984311511670337,0.3633995371497494,0.42390117225911245,0.3942639272385478,0.45340375365149616,15.345636671076859,45.78763975353367,10.16816567054123,10.043122524917663,0.1103080281152343,0.6784618700096792,0.2263450578376343,18.782526880087527,8.089478540202327,-0.6501712381784014,0.30990709951079093,0.6952750190227159,16.939029934748095,-0.7328499131105826,1.0332939213932555,0.386235958960692,6.201397227244175,0.3872495193112168,0.41088820009151533,8.172116417301222,0.5543724671597672,8.075001626160478,True,143
structures/rtp/445_axis-z.npy,1614.7,46.21954464627649,16.570345839859133,17.419573514503117,7.841503878330306,10.04313289502843,10.132279155155473,0.40971102733518233,0.38361762249572867,0.34446544347476893,0.4959042380169027,20.930432308880356,57.5435757519583,14.5159420343388,14.22586054583568,-3.2862475674666265,0.6792595994724585,0.3776370541672225,24.750530569468538,11.999399953777477,-5.188713554390453,-0.18515814615343373,-0.009816525173623556,24.597379390592444,-4.005549923616418,0.6516414690162294,0.07385544367941621,9.055442760341377,0.1430731336818421,-0.21855651914553995,10.605369647419362,-2.358198251683225,10.668792956203244,True,144
structures/rtp/446_axis-z.npy,1539.8,31.06195926676348,6.74346477223354,12.571911319041453,4.088052317342399,7.150415996590204,5.301032901442479,0.49941870379645065,0.3393612450139915,0.2735297871530194,0.35146175626349746,11.569776209812565,37.46259356398576,6.52351817187252,8.402174444007223,-0.18292479525313618,-0.6974157950084152,1.4572058359747746,9.084334587459862,5.493663904093291,0.1602812322028889,0.10930772315555973,0.9764528266264193,16.74234469692138,0.9069740057280031,-0.5054246004673106,0.3912990974095687,4.218501600177243,0.6758978571415241,0.06245872441438197,7.311162924946401,-0.17512481959906875,5.436950887240438,True,141
structures/rtp/447_axis-z.npy,1560.0,30.04713914943707,8.16769461345967,9.049738359550108,3.5186873352920327,6.222172604099895,5.3873922969346575,0.39666184266999666,0.43004419361045304,0.33381052573461417,0.3716904071960174,10.412994197379412,35.76252816747909,6.2767660089330715,6.928208845304706,0.2107087583964332,0.21581791030483757,1.370811497528138,10.527932193196268,4.6693858492318805,0.6025285341515485,0.1513464670832883,0.5946449563539005,11.677766008800033,0.05806778900394357,0.30438086998678493,0.3081256951664196,3.582508492269103,0.33325695296714664,0.24575480088204402,6.275610206310515,0.31201203781685144,5.4797874715974455,True,141
structures/rtp/448_axis-z.npy,1509.2,22.345028311349868,3.3583189358740073,4.224366355621754,2.0409497600619746,3.5132113494285075,2.8240081713110037,0.479469476595353,0.40324140743417053,0.4385632455057189,0.2572778976239872,6.594673608714753,26.137184083209544,3.7210154977003587,4.062347116090483,-0.13345983368743944,-0.4599061210037227,1.1384447941063842,5.136486443790101,3.1230806035874954,-0.6100297886169244,-0.016791097244021475,0.31533450760167453,6.265505516676454,-0.37348656035618655,-0.16261113555567638,0.26817477815390783,2.141694723577933,0.2873947456927355,-0.003932741633676341,3.571796477756488,-0.1436552924720997,2.8835923632323346,True,139
structures/rtp/449_axis-z.npy,1520.3,19.112058375880288,5.888416307257891,4.440735266896035,2.610715303045778,2.6915821386018477,2.813529141500153,0.26069218869793576,0.5307111362561039,0.5049660025949523,0.3255261670040611,6.911005268071595,23.424357842499266,4.014263949562354,4.104711252717309,-0.6941534918466183,1.5701909629579975,0.09700637373026826,8.298398006734338,3.7972609775580937,-0.832533982281092,-0.3741501961039224,0.423622797705048,6.643819203735243,-0.7175514816464801,-0.6151138692957622,-0.01660824528282985,2.7629739882441986,0.004107987822441449,-0.3669062687126575,3.1969156874555877,-0.8902711721795179,3.1592467330783442,True,138
structures/rtp/44_axis-z.npy,1420.3,18.774168800050585,3.012569617813007,3.2125828910760905,1.0314579792152583,1.9751959013343763,1.9976327547321082,0.47760630104712937,0.3975614077505935,0.42614782002799345,0.2157671424532751,4.9929196738888,21.36095170581188,2.7527525926360266,2.7624207901128752,0.002635038382302729,-0.49292493849621644,0.36268563528208736,4.10234831782512,2.0427331852900092,-0.014646833285989043,0.07079429665038274,-0.01713401924942626,4.357163905284386,0.0792004830145447,-0.1975157521245182,0.06517175119780286,1.0368873953934115,0.06293029992519873,0.040816156201190036,2.0080426801975273,0.019489722555073825,2.0075189744257607,True,136
structures/rtp/450_axis-z.npy,1478.3,18.283963639187963,3.4377344625640407,3.2934848143759434,1.4844496074406055,2.7612914903364025,2.3165336651893615,0.3367031354790902,0.5707359777633078,0.46946295329585797,0.2599365102928991,5.514782966250544,21.4431476585203,3.080604976674119,3.641432066662822,0.35303286416845375,-0.18013700587394244,0.21710861145276497,4.843590625199866,2.5191797392350717,0.29176975521738713,0.0805598496819951,0.028941875443997147,4.863874847390698,0.3378348801915475,-0.2639875333982372,-0.053625018585291964,1.5122653640383668,-0.04012640748579351,-0.0026997523048599534,2.8676647896065943,0.4366668307130952,2.3865476324117543,True,137
structures/rtp/451_axis-z.npy,1551.6,32.898741231861386,6.934689235418099,6.728987612306085,3.514415091064774,4.831512347611369,5.3764485275499805,0.43600890179923846,0.3784077433961293,0.41257931846488116,0.38033311707080575,10.70930637735335,38.34752054307098,6.653980689231902,6.2988595258762645,-1.7533759630254293,-0.5269500593117901,-1.1407578249324937,10.51142029619773,5.593389793883555,-2.386959743156786,-0.008122339407638271,-0.5584450069889869,10.432356538927987,-2.6571094886656184,-0.2136863847247009,-0.2480401131314567,4.336210133306146,-0.20571578854062014,-0.023828891121137112,5.395526957111763,-1.769170802321971,6.027051401809213,True,142
structures/rtp/452_axis-z.npy,1480.8,19.904294260941427,4.690827104513888,3.448757264708449,1.4398963141044214,2.350200065223314,2.8811695790332825,0.3608856768776185,0.5038050346830966,0.4648344345992652,0.3179011696382155,5.899582038675607,22.962757213794458,3.5589720061709538,3.2934179217669968,-0.3407627587219083,0.6585102178404728,-0.239110486959698,6.392595740817553,2.6289922122006457,-0.6592786788601437,0.0538427329506277,-0.32576575360016674,4.778121113191266,-0.6074326739805573,0.06073880216343691,0.02916600955985077,1.5424551924476468,0.025605481994983782,0.08167269612387511,2.51325387729917,-0.6653742244310461,3.0842430064561084,True,138
structures/rtp/453_axis-z.npy,1435.7,16.4158014320571,3.2499990327667945,3.028261322650459,0.9711138887693775,1.9957909754497665,1.9599563799021171,0.37269733723071874,0.4902881263320792,0.4290083930155744,0.2419581640171151,4.897559894291113,20.141062431204933,2.747527150396051,2.953562219110395,0.17992724946220517,1.520080312831054,-0.5463066357224079,4.340285305306679,2.0219113561701176,0.22953807666225648,0.14509402577413166,-0.06513776249765088,4.150689860755283,0.2783976082191345,0.19980816704265436,-0.026203372484162,1.0183684178053853,-0.05019018795756943,0.2060940868535413,2.202097636904584,0.36763028790430874,2.104253931155717,True,136
structures/rtp/454_axis-z.npy,1509.6,20.577732472753937,6.083330841567933,4.449905909676528,1.6073108786612067,2.6148473072066865,3.2715450497555474,0.367593844756962,0.43510281290818886,0.4049903311919356,0.3351465114122279,6.296598615477139,23.66246067857095,3.9084204284578554,3.4129528927421835,0.07752185145574315,-0.11719676808254585,-0.758050180250862,7.571827063598242,2.6135196526522164,-0.025252265302151133,-0.10772074038779994,0.05080493321657386,5.565313849420548,0.11318961645535021,-0.18896783030770545,-0.14530458847476022,1.6255585189625756,-0.17984348573729136,-0.11154668786649512,2.6415098939368984,0.07423262775301386,3.310248838061069,True,138
structures/rtp/455_axis-z.npy,1633.5,39.968573235555596,15.638140669504146,13.61002025078089,7.056696894797663,9.38230225229565,8.570925894115407,0.3363463884377976,0.45170140732696457,0.3965559741083661,0.46396296830114847,17.31710649457968,49.497523965053745,11.489667992828386,11.90419370009713,-0.9330494543852028,2.067727375347194,1.2258549050719756,21.322240910105435,9.4951111640896,-2.0406745757388625,0.8735604169252128,0.8331249077890145,19.256247862027706,-2.042829442900856,1.8294889432025216,-0.19373345436180078,7.462083835603522,-0.1683565343248824,0.9720059679505336,9.609935170927727,-0.5151178986619839,8.817118837818105,True,143
structures/rtp/456_axis-z.npy,1613.4,42.92082998603388,14.70545701640051,19.555333685264966,6.072652825232803,10.372884646061774,8.4164878849733,0.3972659423788417,0.389978320514465,0.26788136306213073,0.4094420878903046,18.050721472710944,52.448256138795955,10.924203360416348,13.242775812656108,0.9899878181596891,0.2874406038642463,0.7192114233619553,18.9794408365657,8.793933608150322,1.8683383820719783,-0.07990403964042181,0.2944696641792933,25.10697071659128,1.1826435089385086,0.05380011440288475,-0.037498246078241364,6.262415542782733,0.010924891088439298,0.012250318964429251,10.461349571966903,0.8545961189170984,8.500847433623475,True,144
structures/rtp/457_axis-z.npy,1534.1,28.05109124170338,7.443558157793759,9.43599721609935,2.6276136803313945,4.970670173428852,5.724336214394202,0.5304417533510719,0.33890821231025525,0.26465976485650783,0.43700495758928803,9.905675191179832,33.81888570514658,6.710152978644164,6.09314570957593,0.7875339620998836,0.984332543111709,0.6093376225363366,10.141101829715979,4.043547223902308,1.4855913166285843,0.011538301341163727,0.41349628739858163,11.49739736151112,0.3789546137816965,0.4584551815228428,-0.04168569403923757,2.8525337025944877,-0.11448369832469746,0.06800785233720702,5.168666100079028,0.9408559305617948,5.923325297722266,True,141
structures/rtp/458_axis-z.npy,1619.7,40.68868930823358,13.030088009636167,11.864714660197292,5.763277645855106,7.410430581393692,8.62269084073301,0.4081297178334887,0.3821891382020229,0.40695131607211066,0.45837442881606966,15.230116535790001,48.6336644838171,10.299777291716696,9.269308433966517,-0.8244594083333827,0.40378246233245163,-1.5728806895363423,17.706125465462772,7.817697196542445,-1.1322905043942684,0.19025622428924394,-0.8356440259718926,15.957693028378806,-1.263459324828877,-0.12428993578312011,-0.14618039760618026,5.894007061256548,-0.22552984929805545,0.25552311431347635,7.495011293966136,-0.7940139236123717,8.785636822989336,True,143
structures/rtp/459_axis-z.npy,1631.7,48.423829937558175,20.58629981889842,25.521437883912988,9.535943700580145,12.588212955550075,11.618117431553394,0.4061022668332974,0.37114408436464646,0.3057187095902723,0.5097483309565907,24.54678138295694,62.022347821760555,16.3339862313227,18.30654837978632,0.46882375642167484,-1.2624985773077808,0.9685830553498079,27.741067072562764,13.758826159042366,1.3221075636365776,-0.23744352952398207,0.0003364003373573084,34.35889601198639,0.9638418856491976,-0.30981157689514405,-0.18787375848692306,9.610657058453647,-0.16058406980021253,-0.18588828667899088,12.61690424623049,-0.003323526049230419,11.64478303243345,True,144
structures/rtp/45_axis-z.npy,1632.7,46.12424155145837,16.437793433752713,21.065223081058242,6.356124766792911,10.657585856949717,9.106712828350853,0.40886655168825564,0.3796229047375791,0.25242630941335,0.4119877011096895,19.021452272325593,56.18567783536554,11.727600003036482,13.585577990162658,-0.7397019048895778,0.14132496022458532,-1.209220070164646,20.594159549002875,8.74832241684387,-1.416818196434268,0.1175190502062697,-0.18925674871873419,26.290232246475917,-0.8130156481630061,0.23536528803792486,-0.4591587833423511,6.479647292629959,-0.5127338260324273,0.049913887247410145,10.72664857524279,-0.5056707979761834,9.158090640948448,True,144
structures/rtp/460_axis-z.npy,1529.6,28.390450237681367,6.092790793185493,7.044793412118778,2.9695746071738536,4.862977683726936,3.8644242264940245,0.3997613997250395,0.4020573899229352,0.3339194979727792,0.3297802782261903,9.982738387038923,33.972036081691876,5.65347459392741,6.713952055156148,1.8826944023630543,1.1079055050209576,-1.3171020441587205,8.9306034025381,5.279262497811452,2.276162656266739,0.08111341476192604,-0.3317608840950762,11.648627705330304,3.2906911180542093,0.7366189266591492,0.02243145969398134,4.008208987970085,0.01769143658239374,0.09199111283680982,5.871553986360053,2.0372444330783215,4.669451543200222,True,141
structures/rtp/461_axis-z.npy,1542.6,32.040395585605545,5.325094332183449,7.858817280246768,3.233391401537322,5.874002519896922,4.116251857130726,0.4770063657213898,0.34846636087757876,0.36497608052514263,0.26115914765339626,9.924984124670342,37.840935998630506,5.121408806741814,6.5123644104297735,0.6827305577797562,2.004962671012883,-1.28457412385524,7.403573761063657,4.599189141341733,0.5062774282324841,-0.2308400427992816,-0.2170067280694694,11.614422645312283,1.6564483434275115,0.6179196215034939,-0.2254897859721371,3.513006015647396,-0.39272535071163506,-0.06722218053660936,6.284702714646939,0.7640031100716158,4.272501916527887,True,142
structures/rtp/462_axis-z.npy,1465.3,19.091144304485066,2.7878909621537704,3.6555650831885877,1.3915331214754196,2.928544424521271,1.84769664274115,0.43104988981052067,0.4524423574577199,0.4099693920805656,0.2022186762113138,5.440638714656714,22.371385830605774,2.8850063544450153,3.375795105877127,-0.20550109821102988,0.1318244543062649,-1.0238660651815736,3.981409780569123,2.3974783836912135,-0.23730973137474193,-0.01898130961341202,-0.17778277310540203,5.29639313270882,-0.3436965968589616,-0.008611000036467498,0.08936240231822278,1.4170854537541724,0.03925661406029697,-0.032029326881156124,3.0180176117604214,-0.41456698125554403,1.9702549309102717,True,137
structures/rtp/463_axis-z.npy,1657.7,57.69258781156146,30.856733579399414,33.298464089784076,14.332256457868475,16.11894909491608,15.800089821357696,0.3972382444900036,0.37784271859494944,0.3537514264179401,0.606201085630487,35.87216280869392,78.3800919554611,26.244895724196923,27.115400673761815,-0.060209584395694495,-0.6348126941555711,-0.06368476488277994,44.46529102404676,22.7009578157708,-0.22965274495180182,-0.23028915167615144,0.009727854523315024,47.88157387127837,-0.21720518238631573,-0.31116006886435094,0.07975129206945855,14.335500422198866,0.08323279189054787,-0.13419580415900664,16.125346125568804,0.09339032914587408,15.802206277475408,True,146
structures/rtp/464_axis-z.npy,1444.4,15.616599569241416,2.575395815756886,2.847352661975303,1.0761068356576957,1.9631916990369627,1.573867835343738,0.4259561761704306,0.43955565086663695,0.4496962929316287,0.21408112713366956,4.526214075394122,18.014729146161958,2.5028035233601287,2.7562746273231995,0.25225469663140687,0.4918308955818513,-0.1263420688590048,3.7172547389316444,2.1195710056356516,0.27105921478196865,-0.0008280191895049709,-0.04692315990293543,4.246644480815537,0.457006404539492,0.08908420992349216,0.031019090043639973,1.1271564528272129,0.04352071630996626,-0.010977942580670585,2.0845826566967753,0.4139388038662963,1.6604052606715325,True,135
structures/rtp/465_axis-z.npy,1652.1,57.24814005998896,36.03627259994036,33.27606553092748,13.939719327195647,15.881397749234203,16.511307967656723,0.3820347672691357,0.38935260269907346,0.35398097565306325,0.6582724562629652,37.17936577012992,78.75334526183377,28.53214446964635,27.17991956390145,-0.49514530776911514,0.42103203505769893,-0.3068693142079172,51.10278464628586,23.14897789482695,0.23878963874460687,0.09351190984052257,0.0483807974476935,47.03607816630015,-0.7584963486557951,0.23766803006944276,-0.1759444719955209,13.96369616866617,-0.11644369892591931,-0.023233444188837167,15.9003572599788,-0.5060396135261614,16.529616600974393,True,145
structures/rtp/466_axis-z.npy,1594.3,38.31153163200253,9.968836277601538,12.969204848152815,3.8207919445704097,7.394547435871828,6.137016812513807,0.42397100923447906,0.3789390931294269,0.28360702243609437,0.3310089505116838,12.87176703552581,44.65103012926225,7.360082652679972,8.453010541338918,-0.2992334351556273,0.33783906732921604,-0.30450355253296946,12.431291275242593,5.519207102818025,-0.490551631446968,-0.14643427095446646,-0.42890677166314756,16.0989813215536,-0.16638388710003033,0.2751289859978684,-0.2382983599076067,3.852798508682185,-0.2387637424727021,-0.13577138473947928,7.439314628181806,-0.3057014833221724,6.171818693904912,True,143
structures/rtp/467_axis-z.npy,1506.1,21.121481899517196,4.482553141190286,3.995067394445232,1.7022755660461704,2.9174649581928365,3.0358170307202057,0.390884183435552,0.48379853268724793,0.4303746439328199,0.318263161576416,6.394773275595792,24.749415710496592,3.821958590125711,3.875357243648271,0.6333063627699752,-0.8393242972972997,-0.7635348234652432,6.123330855065181,2.836298487446631,0.6345888362826821,-0.1077608465584626,-0.22825568812143374,5.612984272359129,0.7157333268050491,-0.2506523333866794,-0.03283510284802882,1.811532986814542,-0.08358094865906385,-0.09323890907177972,3.202476714198983,0.933140433703083,3.3302193334420576,True,138
structures/rtp/468_axis-z.npy,1406.4,16.194185763625562,2.5388050115535266,2.1826936002590314,0.8826125163663457,1.3252835525289928,1.7765607488273496,0.35552405064874726,0.4934831756251776,0.5524034740170952,0.2338366517623299,4.410754222201443,19.19259711070469,2.5658409499195503,2.2456207568156796,0.09859613037432712,0.04179746531270112,1.4235061505198943,3.8200459612074664,1.8959978280356375,0.12651186053983243,-0.03638219242466677,0.3711117395420633,3.269225858359088,-0.09157855547792497,0.1275163430383304,-0.03154378762624236,0.900795365153373,-0.017124040395413237,-0.04571945519235635,1.342837467691418,0.10395096375761398,1.943972495153344,True,134
structures/rtp/469_axis-z.npy,1614.2,43.63332616173599,22.736302278578382,16.72742995007121,7.051933762162348,9.922799821077753,11.397906871066105,0.3789323239980706,0.41977641230768914,0.323483851080159,0.5846883732782966,20.705792057110315,55.180174668992656,15.669370052077488,13.154262615928934,1.9868950551640754,-1.850180749665777,-0.08073087284523732,30.411910580745467,10.546902881795912,3.701326287563503,-0.13999446601683502,0.2902770855673022,22.01897216465005,2.81550926873482,-1.0637879766581027,-0.04843322677781984,7.645537409300275,-0.15802095987095616,-0.27652137024097423,10.139800680082116,1.1809528288616562,11.55075403919037,True,144
structures/rtp/46_axis-z.npy,1571.1,26.468019340307915,10.710340708822153,5.5369613032841345,3.364689388892515,3.745205488518748,5.412566521622773,0.27969558430990166,0.4840762233022728,0.48307960421720114,0.49593638070477536,10.084318508769591,32.12604632177413,7.111050533403173,5.3780493632972695,1.2286902859526474,0.7617814133364235,-2.6559687207291334,14.98713801492936,5.162306522935962,2.247511518724312,-0.03383382325999368,-1.7515923506121671,8.342869402950017,2.237932370796057,0.7918056059559965,0.03367480720690845,4.0464563347897835,0.03723215518987805,0.04933904120144133,4.101714865746865,1.2376911675663114,6.2029232373149465,True,140
structures/rtp/470_axis-z.npy,1646.5,59.51794164858782,32.801140165249144,38.2758384287616,15.217353627101572,17.73240658735694,16.12896493003716,0.38891587419001517,0.3839075817159112,0.33772250882288457,0.5954353746504262,39.85904066478676,82.75814722561594,28.485578036542712,31.662115680413876,-0.9359917421728967,0.19007772800843786,0.012566004022612504,47.72783693764754,25.8288700577759,-1.416639302506435,-0.18628132833804503,-0.21864035688031425,56.29225427035236,-0.7440296120015546,0.619800679813363,0.014978049047210106,15.263421097536606,-0.046960121791535726,-0.23548779797603533,17.771469742895196,-0.642431850060035,16.157903784168496,True,146
structures/rtp/471_axis-z.npy,1653.6,57.05583241432543,33.52569535234921,37.90579708264083,13.765964000256623,16.7149317291247,15.826761224348159,0.393540517713302,0.37692052460890313,0.30483371244018503,0.6177197779803899,38.07421776949624,79.24760428014653,27.64406480295867,29.66002098703383,2.282889744827439,0.9787964261910486,-1.6909115780221367,47.46373074266052,23.679908581621305,3.0066422362295584,0.3699206117735653,-0.9549966841921355,53.988636159431486,3.5624107785636894,0.5955625115361071,-0.329890056928319,14.061480481671989,-0.10003373149809394,0.11993410079644702,16.798352365423284,1.0237757475829505,15.938263474425387,True,145
structures/rtp/472_axis-z.npy,1645.4,50.44790515180032,19.70865917717624,21.5783685029737,11.070675986040863,12.277177614639484,12.42458148129789,0.399841677278814,0.3722834877637946,0.39524803719096974,0.5416220117486068,25.279169500996975,64.72826022379911,17.74715398029279,17.928482053070418,1.9183714730018246,0.7964868197573782,-2.8641808457680056,29.358338099795155,15.479629157731253,3.2882470855056933,-0.06882015518789793,-1.590577946324089,31.115396803189565,1.6725898707548683,0.3985979602700988,-0.8072848991651989,11.467302643657911,-0.5990777215463283,-0.18956905739011978,12.464267328548495,1.2981538279148956,12.723000638891461,True,145
structures/rtp/473_axis-z.npy,1615.8,42.89152209460948,19.92506395159501,17.522614520123103,6.56292185426843,9.113267657676557,10.651727268725816,0.39216342037989416,0.3902986408318801,0.3217211036087694,0.5443197531113364,19.15558064712123,53.432243231309066,13.891172468634556,12.323475927845475,-0.431134647708467,-1.2399525630852608,-1.3373107774737802,25.613007294533435,9.3748116832275,-0.449216854611263,-0.6139431512604585,-1.0623926310799974,22.17605513883351,0.3505496891434988,0.1517429670992509,-0.4810790618851958,6.646434130731198,-0.5387428964836137,-0.4462516775513676,9.227154762764007,-0.3438858301883904,10.761492937648434,True,144
structures/rtp/474_axis-z.npy,1447.7,16.623299982515938,3.0086402461293926,3.311818398925247,1.2628287912309457,2.0412471593225434,1.775236663916843,0.37706105662295,0.4088087956764142,0.44021669795561946,0.2226496298995707,4.8281493593799025,19.189340035171444,2.606026536321973,2.8273787352400355,0.1870857962634634,-0.7221844767639775,-0.7706553046342843,4.27183095348167,2.2406130476396577,0.3167623477041256,0.01754087132240811,-0.2688800062209556,4.64413660736267,0.11386477229579613,-0.25333790610998747,-0.06053439802696197,1.2939964146744865,-0.10493069590172342,0.010240150526666263,2.1246673936108245,0.2506974014708312,1.8461343065136948,True,136
structures/rtp/475_axis-z.npy,1545.4,31.783498112162395,5.049695948706528,6.5898016350343385,2.5669603934249756,4.689046885502662,3.63550801108508,0.4566639091005603,0.3882203320687401,0.36048069129145593,0.25636510422835784,8.987555751555888,36.017719662504824,4.808384440173235,5.351410667473557,0.955595166126704,-0.3173566574797937,-0.10451033607533929,7.243424382444044,4.051906949503303,1.3323793628313274,-0.11226128798782227,0.12900592843393205,9.203453604753939,1.2874615579251414,-0.039784893511698706,-0.22105792144404374,2.8688619096788317,-0.2707554930776518,-0.13711435980243972,5.15965941260714,1.3372375050345071,4.000492238585399,True,141
structures/rtp/476_axis-z.npy,1519.4,24.797657128791897,5.668485109404248,5.266485717252946,2.0340614629793685,3.356933445097622,4.17823425697089,0.4406614707071783,0.4076603775267897,0.39310365838623806,0.36109287150477876,7.493945123826721,28.585579916496883,4.6816250641655275,4.223626956384195,0.46804635563470637,-0.32015376343379726,0.12672320949675595,7.7140736251022775,3.242683276968358,0.9112912056730942,0.04090328790610663,0.1405484327373016,6.84998197780517,0.4106534157665324,-0.27636473685615537,0.09968636307941521,2.147350043279868,0.13636064027298817,0.02273200068127977,3.491616320844485,0.6817676914729404,4.31577384897446,True,139
structures/rtp/477_axis-z.npy,1543.8,23.458275558873666,4.215479101317898,9.220387445171776,2.0104845361478385,4.989760504495071,3.072595119532826,0.5541718621623464,0.3087401545120025,0.22916100664787808,0.2604347931682808,7.695444606531301,27.557334900677,3.925831196836195,5.376474804423722,0.06136148434072365,1.159063635598698,0.30766161598580094,5.3542244083215715,3.1110018288331807,0.2228943959639492,-0.04199717156133895,0.07620448581223846,11.520826489596942,-0.28033153304546526,0.4600918389068153,0.02007243205216617,2.041121780393829,0.11330197219618136,-0.03167989871410724,5.068457305198947,0.008810140862694637,3.0772328896826204,True,139
structures/rtp/478_axis-z.npy,1424.1,14.971164152387951,2.134940228440445,2.3945846300297684,1.235879759408311,1.781477030781118,1.5947233410666604,0.4314648703956781,0.43521929164532586,0.5240716453146446,0.22861503530447033,4.392806667124869,17.433655528116162,2.5215231967531633,2.6332132060579565,0.22695508329594166,0.2988301184728027,0.5898043003427877,3.5217710496165244,2.193674287802137,0.32280074487981825,-0.060661993503417146,0.09475071732902941,3.8830120451646297,0.07416956811562324,0.15002888017757537,-0.06019383971098324,1.2772766412921537,-0.05414517272785546,-0.07527143826541637,1.884240363745315,0.37185729823861285,1.7045688296997428,True,134
structures/rtp/479_axis-z.npy,1636.9,44.359123637927205,18.81232644832303,18.003067948273895,8.482605888126226,9.672110412135304,10.471303902384962,0.3929637803329813,0.36788236506261224,0.37735677883280777,0.5288489514295971,20.853886040661493,55.3399170766514,14.767617096850685,13.855500302982378,-1.7849557637399518,-1.3279262978607655,0.7245158045499854,26.39229264947476,12.010442571694089,-2.8961012006314317,-0.334456440160122,0.46345495402379916,24.685644696772968,-2.114558399552677,-1.176956247296049,0.41328504719495407,8.860820595822851,0.529727617625585,-0.38527111503480327,9.981214273008867,-1.5509926796138713,10.728309150702335,True,144
structures/rtp/47_axis-z.npy,1515.9,23.35995663348537,4.547549674945242,5.330695383701904,1.8239342997613788,3.749170097368286,3.1466838828988823,0.41804055133597773,0.43263425049431237,0.3562576050097073,0.2735441163331577,6.849464460963426,27.091198503620422,3.734061301546538,4.279905553448459,0.059090733136105376,-0.9417245358482788,0.7053018338175604,5.884217645683378,2.8125701265756735,0.100744127056757,0.007610200105682439,0.3343452969724172,7.0166900362256905,0.2914790423024355,-0.46684932150495123,-0.05863243679995372,1.8396820963692533,0.04991737459542726,-0.08162449906705356,3.8170172853032116,0.09838843519266592,3.1946037280068125,True,139
structures/rtp/480_axis-z.npy,1623.1,43.41898334981696,22.467656925072117,16.232936017781075,6.519603446363924,9.071800673124276,10.907080939355636,0.37325920927372946,0.40601238588106164,0.315220731970533,0.5734939100671818,19.653313166856847,54.218940068054195,14.697628406649237,12.236769867591223,1.951983775349206,1.711532893206673,-0.9551613842115482,28.703837562628465,9.490207956508634,2.3941055185045785,0.6560594625670572,-0.21542317107895773,21.107828409530782,2.835645809226715,0.4645899512325492,-0.45785491213350205,7.070242458211773,-0.47025506912271303,0.8218733924827195,9.412139087428187,1.533104492405226,11.332615777841418,True,144
structures/rtp/481_axis-z.npy,1651.2,50.02882600139392,22.937064071003945,28.539840204416922,9.3563627033486,12.951615138905924,12.0462888796635,0.4015512090029407,0.3671695134325254,0.27148663803175854,0.5127241522449024,25.613538449870532,64.11531593449423,16.977390027132355,19.15977166320722,0.010480920514747211,-1.4977910869797937,1.1055658405034698,29.759800438482728,13.609293610000979,0.08747333150172729,-0.4022643914146313,-0.06667347396803021,37.15381907517673,0.2312957818158657,-0.4012771922689219,0.20908737286603749,9.368514435181169,-0.020592058364333688,-0.3559446468416151,12.987230183147108,0.052410779709526144,12.08437654971757,True,145
structures/rtp/482_axis-z.npy,1479.2,18.83432864026624,4.944860437843944,3.5520336956806116,1.4256223822364882,1.9108709578883918,3.1543213652959183,0.41709578656206636,0.40820548448959315,0.4638351284619821,0.3546035259793985,5.675804697693028,21.729917072488018,3.762068689259555,2.907438889592777,-0.08473527804075157,-0.4440934636243741,0.474914653134295,6.521590758840817,2.45042225859074,-0.07454705319091562,-0.0435883486191983,0.32530570991881413,4.590874773022272,-0.01600815270395319,-0.03779647971763619,0.033230074640150875,1.4301960395490405,0.058906418557853384,-0.08353195917125401,1.9243965427254306,-0.08965188740651907,3.1857311954780236,True,137
structures/rtp/483_axis-z.npy,1491.9,22.012175637587745,4.937356139616183,3.402654422216366,1.382134238593874,2.226059950264603,3.3157285725033843,0.3906630067423576,0.4920375925508482,0.484207131816311,0.32856783953199026,6.167411161648377,25.207329320337443,3.8166519669008516,3.2612870535874157,-0.415814769073338,0.43681821627400463,-0.37839997730750957,6.565144300948775,2.5114283452465127,-0.392918279591177,0.1102713260370525,0.19213948838465977,4.555492102079613,-0.3520954587737364,0.0585995378827847,-0.26235783483704644,1.4357515521688833,-0.21305958856330726,0.11095245305784585,2.36394759781128,-0.6077565973928839,3.5141443220722657,True,138
structures/rtp/484_axis-z.npy,1625.2,43.34902125127105,13.385902326982732,19.62869692053366,6.140206413579608,10.091426583729787,8.75141077925475,0.4408622217636522,0.36171428725446964,0.26390625923518757,0.41790376368233667,17.535644556580305,52.64211770025651,10.506402544916718,12.756171157067424,-0.03940984630812236,0.5099658419184973,0.7036632852219837,17.056376924357192,8.281300711458034,0.0254840697493703,-0.538798636853301,0.4208224024558309,25.034557557724675,-0.3742040571564459,0.7753890352496505,0.5586712332652423,6.2157131422257335,0.6663385173220953,-0.4334853452754477,10.245696500131201,0.17905898972501064,8.804336974431687,True,144
structures/rtp/485_axis-z.npy,1579.7,40.05580523426356,26.95416872180899,8.658730327969533,3.443998629232828,5.48527078794117,11.25164887750787,0.3379830404913615,0.4944649155782714,0.3816741845987072,0.6500101126485491,16.006504012834043,49.231702801441735,13.920937528888937,6.916057604573185,0.16115665276836738,2.6577558256791263,0.27458057465721525,32.297290041986074,5.395424741958065,0.55259701435519,0.8824298650492955,-0.10961563000781611,10.064703521238203,-0.13933509187239032,0.2839136951316965,0.08625874321619029,3.532335655889717,0.18425726790070737,0.877364292553537,5.638989187073301,0.023812108479197094,11.47617725625926,True,143
structures/rtp/486_axis-z.npy,1618.0,43.29297588451666,15.85804141989597,20.442787309410612,5.59842005256558,10.384428202586399,8.679032108539877,0.41959269403911564,0.37232163710289046,0.2286996886168102,0.4247520128435541,18.467466155963944,54.064266194325725,11.669318430242086,13.266726779168994,1.4819206820815025,-1.2166295966455236,2.7301730394912345,20.08345410263965,8.322920187325014,2.1267418709349375,-0.22336804826870144,0.2935800867507787,25.541544313237907,1.8019198309013704,-0.4695269189017351,0.6388538780443965,5.961737237002675,0.8921469293627178,-0.24974672004455367,10.763877307197205,1.215029844188314,9.00366969859593,True,144
structures/rtp/487_axis-z.npy,1644.6,58.7275877205966,36.179351784366276,33.81253499737711,14.361120735278412,15.906433834589896,16.905738496515873,0.38981073590540055,0.3820233422200369,0.36215508936931007,0.6586121705298669,38.21225685391621,80.88783642838011,29.524917815823102,27.78071107732243,0.6020192123127271,-0.8779857385632058,0.3436479952684958,52.09945155401715,24.11489750797251,1.349170460469297,-0.26295481472598353,0.07140958924367181,48.081970900612504,0.44304956362543535,-0.35685265945197303,0.019264804618324888,14.398682608117264,-0.0014962944837095319,-0.16215011845696245,15.92072421687983,0.27263408025457364,16.914121656082536,True,146
structures/rtp/488_axis-z.npy,1625.0,51.924263814676216,23.643967774606555,22.634900632900525,9.584392781663928,12.129167357117998,12.382625423398263,0.391121765705504,0.3865832599104542,0.3535944980079167,0.5216740148805743,25.148662172119185,65.59375629218522,17.886539635015897,17.260650063841513,1.2888938591132961,-0.2314696517017917,0.408817306613939,31.951436874884156,14.003833185987009,1.7687188796424622,0.05842921881741434,-0.18983571659547493,30.49072061231443,1.8099451630565082,-0.2658274065423643,0.4129413384034394,9.740687917341445,0.40294582385819233,0.0979407088881884,12.197034584042925,0.7540515717200534,12.443807626161465,True,145
structures/rtp/489_axis-z.npy,1584.2,38.75309113301603,11.711956723923787,7.3779206341425345,5.276061656827113,5.7423695753793265,7.998688604166951,0.3799354360292101,0.41654183072243556,0.590075022006704,0.44561500236925683,13.399630505658674,45.602873014340936,9.439604595037029,7.184146474735099,0.3773767056595016,1.2514105927936716,-0.4318578495073573,17.016680080022066,7.0671459398884515,0.6158201580404242,0.08741441237636584,0.058933719994029694,10.595327437243915,0.16854533739059976,0.35105488109684546,-0.26958560646919916,5.325283923258995,-0.359225395596585,0.1388497281194116,5.838996207043951,0.4558197338265351,8.05744747117409,True,143
structures/rtp/48_axis-z.npy,1639.3,57.145387729227124,38.199594785625386,28.791426977343864,11.076228363693813,13.388845380616273,16.364857919800016,0.3854186356447857,0.3871453936013624,0.33277553592899545,0.6675963253686092,33.12860059640465,75.85230513606732,26.749996486042452,21.67827647263174,1.1611713584534233,0.24242092996511475,-0.2997330532226862,51.15374017734268,18.197766129554065,1.0270865998989258,-0.21269632099012487,0.021622415615827655,37.89928187777541,2.133476321847638,0.06599293246194644,-0.11899682443215666,11.197577748951062,-0.08609507666786095,-0.10821953294704294,13.411262952464458,0.5510286882394752,16.390260410935937,True,145
structures/rtp/490_axis-z.npy,1626.0,38.954020424371414,13.86364505187478,13.689317684779002,6.081401100741445,8.794920783783656,8.301664334385254,0.38689110315693975,0.409061086266992,0.37071684378743297,0.4534780793884768,15.918042059017422,47.62854066224488,10.438248529289528,10.815820371947709,0.2699053538096719,-1.2909198230392005,0.6636999427953356,18.415971633168255,8.16966468010182,-0.4558233486730737,-0.2850755583611505,-0.43391762736325495,18.370399073065563,0.30580004020738594,-0.5652234251153883,0.8046556485862871,6.2146901349925425,0.8195853610506294,-0.36293769690526356,8.968774257345697,0.3246824574695161,8.432491124174485,True,143
structures/rtp/491_axis-z.npy,1588.8,38.093779434488916,14.26097229030831,7.695678377672528,5.41316946169768,6.053894103023711,9.103073875056435,0.3659529848143676,0.45677675667221396,0.577967084472844,0.5258858937568429,14.23941359431111,46.066893361982984,10.732133063266854,7.605422486554477,-0.40491810277987683,-1.3065243374115576,-1.8499720961170927,20.191961304060705,7.242740977614883,-1.1974074689043839,0.2747991918703935,-0.9212278804779981,10.735274627883879,-0.5671289109297165,-0.5973896004961774,0.16206500984429448,5.499054636447227,0.08670543785367281,0.3073895507247667,6.176802272018155,-0.4780014722674334,9.291026000187072,True,143
structures/rtp/492_axis-z.npy,1657.7,59.42035837749327,40.4266406805414,33.982269000384676,13.555310473953117,15.455871222948053,17.64846626476771,0.3864736483244245,0.38517798113931206,0.3332476077078584,0.7042555961191048,39.20455141470524,82.19856433735302,31.493729061071832,27.40744735907452,3.432262248141867,-1.4515657779950863,0.37166761446283225,57.85033357847326,23.863447497408803,5.40844657272847,-0.47104605625088236,0.03732648074421379,47.26281698141058,4.133605899104863,-0.6145466953088171,0.30274030271962526,14.169051338493544,0.1919378875346913,-0.28701218167533943,15.658822063384703,1.7371815704288327,17.854581996809213,True,146
structures/rtp/493_axis-z.npy,1622.3,41.75636044431869,12.989792025944993,13.369788917330004,5.627910085046894,8.818199653358363,8.01339612644893,0.38400023686897655,0.4002715637015875,0.3822521721041722,0.3995862453010708,15.816023227619947,50.23042222529507,9.837255860725064,10.54444431870295,0.30168619639909594,1.9994015600919193,-0.9306308683055252,17.40164563453018,7.829100576046816,-0.9691725528578894,0.24389432123744426,-0.08407908819537156,18.290539677804617,1.4346317970330607,0.6948978596264258,-0.39075198182220844,5.956997176689668,-0.3824477690387853,0.2958426020089411,8.958709045449863,0.29510530794912265,8.070276841720016,True,143
structures/rtp/494_axis-z.npy,1626.5,51.544320731620076,23.33018271381345,28.302389431801284,9.397073406551966,13.797021821320017,11.837723561634318,0.3813948521513693,0.39086190010958183,0.28497943277230553,0.4857197705485879,26.38980748360549,66.3092444588858,17.272875454159372,20.158339771779165,0.043178013928720664,1.9886497156486398,1.2160916729149103,30.405307419059707,14.195531686071732,0.0998919445466608,0.6691892117691142,0.8499467150019727,37.54022165048338,0.38870851796630196,0.5657514628972489,0.26656082976634965,9.432237859018603,0.19854165046479644,0.5732415622575978,13.862096041324474,0.016881161403161062,11.908966950755802,True,145
structures/rtp/495_axis-z.npy,1624.5,46.84624734254186,18.26713868617006,14.256020386850164,8.119016401385505,9.552215918996554,10.875623101094911,0.36639384885602116,0.41852064339759026,0.45185469134042183,0.5204645926225071,20.075673117823317,58.23518410026955,14.45435474381182,12.52362806523602,-1.7306931323364902,0.7506413186979413,-3.5287364629956626,25.636842616819685,11.135560179425994,-1.8809214372872147,0.5155826091733993,-1.813916168542352,20.58194536637298,-3.0303984071231693,-0.2650475061192334,0.12713877176273422,8.596035754363584,-0.002804317551920965,0.5371080998611146,9.698171356931784,-1.2131193531183322,11.393185757842136,True,144
structures/rtp/496_axis-z.npy,1453.4,16.205416074873277,2.8212238143172215,3.136216009637,1.4271333457596567,2.0909005688803175,1.79395793572106,0.4211273285214458,0.4078289436867857,0.4551433364416799,0.239180576298906,5.089348799870286,19.496015581788008,2.790711157160065,3.139423157345161,-0.36677037185588185,1.348629210525378,0.2740270019349666,4.329531425940503,2.5827675583926433,-0.6535034613217873,-0.092956439671798,0.24341121522540124,4.9527884453083235,-0.8220030867807404,0.26265164708379446,-0.0023470495861325586,1.5855192768866524,0.0336377816442011,-0.0659652354247714,2.4283586492842777,-0.6506418979134821,1.9977921697655878,True,136
structures/rtp/497_axis-z.npy,1520.6,24.56071706401967,4.901343039502114,6.088859529817455,1.9010317233371306,3.791373589043851,3.4030603818980603,0.47187919146438606,0.3693375606750364,0.3385267717970882,0.28539125334353505,7.250250543058186,28.123380479367547,4.099045400039435,4.349999121869972,-0.1390199243044753,-0.2709901316085746,-0.19200849069014045,6.35416569243754,2.9788070586136883,0.18457192194439634,0.03005053050370577,-0.2831849275749147,7.919005554672395,-0.5452798295617595,-0.17666936804525557,-0.017878011359816533,1.9735371573285685,-0.12729243044605895,0.01837682522214711,3.8210651711503076,-0.1982670822855991,3.4281675495172528,True,139
structures/rtp/498_axis-z.npy,1608.0,36.1482872017444,12.888005579409931,10.245360419499058,4.49288896828272,6.769027296821606,7.8333859433199615,0.3912222066046008,0.4376893799252172,0.3614432668805881,0.4757840887556775,13.851028325543105,43.52844079653086,9.473602268737379,8.620204639721651,-1.4463874793453553,-0.45176375131399815,0.5380446566404896,17.038521030391067,6.774164270053899,-1.976869258972349,-0.3014822865845251,0.7900181431245717,14.356350745940162,-2.7010502719859115,0.5003430496426724,-0.09945940669923198,5.054460285344805,-0.0693284076270947,-0.330214822504184,6.982549248213855,-1.198413065529058,8.10137515833398,True,142
structures/rtp/499_axis-z.npy,1474.2,20.78492865061538,3.1993347141110178,4.538616844226338,1.3768918227488784,3.058732943969622,2.066236105509901,0.4901496203713592,0.3709485411913841,0.34326528627873826,0.2081907550635475,5.758151502258194,23.589067400816127,2.9804395294901025,3.4377105417596034,0.17976821588024894,-0.5946165129023796,0.09388692504855263,4.360124208727533,2.446642312564918,0.4485086415712523,-0.0022210010458545916,0.17648823858820345,6.144587143150834,0.5323516850617371,-0.3084566151817702,-0.07553064189174402,1.445686040666685,0.008948615955088033,-0.07402388391595925,3.1795960059637465,0.4458515510325322,2.1452628986775175,True,138
structures/rtp/49_axis-z.npy,1578.4,32.23169874147413,8.898375008185463,8.042965821307876,4.675769561205198,6.172942133405839,6.388974468195157,0.40949486516723616,0.4294199311397521,0.4380858998234823,0.4170499301607487,11.748612932089147,38.663346766785175,7.686609647656817,7.3880985693307695,-0.7599756101297609,-1.2195121100646606,0.4747455411609923,12.980802195240347,6.203208460887814,-1.970289554871131,0.09501375841528455,-0.1902990428353225,11.537534071025993,-1.4786873981639146,-0.6609686291610851,-0.052238366855103135,5.024784031411806,-0.08961177600640201,-0.06882829521369963,6.316100525017718,-0.6047162527779353,6.459423026070177,True,142
structures/rtp/4_axis-z.npy,1628.0,43.54381704624683,17.380025956454386,19.002453652389917,7.046974137275629,10.328666214714607,9.32565721462682,0.3807239525818712,0.39242052373236763,0.3019544326062956,0.45951958108349095,19.545707068615542,54.13489186559796,12.659331007822143,13.999813051278036,-1.8542690586287924,-2.1294749307516736,0.17268502217041243,22.726137884155822,10.159292288255035,-2.229240199200573,-0.3148771836409221,-0.2844519798221731,25.413461173075657,-2.645779466017244,-1.3433401195000931,0.25916890833962974,7.41854699783436,0.33731042219177104,-0.44214651300450125,10.641091069240774,-1.3544144983214785,9.52941617528399,True,144
structures/rtp/50_axis-z.npy,1669.0,58.90836408486782,35.293076297958464,35.797625174181405,13.891226411409681,16.589597551779892,16.274559825487252,0.3841769303001139,0.38295546436392763,0.34358075352577966,0.6199850021873283,38.39677188898768,81.13516335369054,28.584415434600082,28.902662998518927,0.22306966789804833,-2.1129386190930375,0.16219773208853072,50.21080736634806,24.130292742942142,0.8693332548886439,-0.6527235610742201,-0.11108200796206667,50.99023392872823,-0.3115358890343691,-1.2760015108247635,0.033803834327225175,13.931201161109152,0.07446016175027685,-0.42878337570561453,16.65550402328614,0.16104180068899487,16.29033778178152,True,146
structures/rtp/51_axis-z.npy,1619.7,47.37500235904739,25.271988934965673,23.059905532532852,9.205551339106515,12.098023160103951,12.625147859293007,0.3778497773195922,0.4004250644186989,0.32278795752381817,0.5884126684496256,24.687615979218247,61.234618878033714,18.033632716628993,17.250352155810763,0.24073542948661972,-0.6763578645507662,1.680003635419149,33.32762701262267,13.325538897512267,0.47802709745948746,-0.18301644323140726,1.4522180789407388,30.407250382403774,0.5987836977537597,-0.8159504253576335,0.4284558841242957,9.230915557283824,0.34180826325659597,0.11466164708314716,12.13671787893111,0.059486169755674036,12.710003773443749,True,144
structures/rtp/52_axis-z.npy,1627.1,46.35680612020086,20.587579162166914,19.17504427679218,8.429744151866762,10.760993682595704,10.712972400216538,0.36648840309914965,0.40940965184362704,0.3578071327954608,0.5122117423242886,22.049932014227025,58.467569998930514,15.554246694219135,14.974620026675654,1.874626237401374,0.7739202635354813,-1.7661025777933144,28.739713198093977,12.19163392083941,3.756805260972904,-0.20953078558217547,-1.0178122546783184,25.801103647550303,1.6580459516461572,-0.01392451669569267,0.09271203041848622,8.925578149314203,-0.008375864929763586,-0.3240159816095121,10.959011114012316,1.3844366252354787,10.990354049415856,True,144
structures/rtp/53_axis-z.npy,1645.5,50.411128484346285,24.46368381253056,22.39494434741846,9.452365915119413,11.731115737871102,12.322234819235089,0.3793060079092735,0.3937876441351286,0.36498790970411404,0.5411293884811389,25.488425590336924,64.3188171903977,18.424033232137475,17.55026986028691,-1.5146952464586763,0.25158587092902207,-0.335217900971172,33.451119516550044,14.581215133030907,-2.1367813853052913,-0.25120761611213155,-0.07248165312905723,30.514857155173978,-1.841949816853098,0.3843004701698263,-0.04463715922858111,9.627551537253396,-0.0926697403967532,-0.20012722494085977,11.829433489772873,-1.0243128949586735,12.417508188903668,True,145
structures/rtp/54_axis-z.npy,1650.4,56.18035313229522,30.58589225210859,33.47599281612945,12.218129474043772,15.304738646340324,14.71770219607078,0.3911579597372446,0.38092396273346374,0.3144986123897108,0.5767090040053772,33.70590540405043,75.3922889347591,24.156019881207108,25.49751236161628,1.078750400337414,-0.26696095012181986,1.0717737985407572,42.19252997787548,20.091005186496083,1.666648400519511,-0.4626014785040725,0.18706589469947957,46.279254865180356,1.52094365176774,0.22549839332868388,0.5282027822074012,12.318787057242536,0.3793792709296128,-0.35689476232338957,15.357069614913254,0.6429580672840384,14.774208847412748,True,145
structures/rtp/55_axis-z.npy,1609.4,44.98400088988811,18.06596339948792,16.890402901515714,5.503705028549768,9.116547489730548,9.522918973872565,0.39579092923901293,0.39774827151983355,0.2879757348357708,0.45246004700424136,17.88509062558254,54.3295583439951,12.098039747877907,11.447540732765196,-0.8285425716030103,-0.611008680236421,0.2441201111724453,22.674058984346715,8.017441208672922,-1.6645237228786296,0.0661928867313089,0.06862777370406124,20.836154923268985,-0.9357250272202202,-0.35800379772568974,0.30571335533047217,5.63541686658774,0.13393785520846732,-0.01987435634934292,9.158663251413396,-0.49729571374864023,9.55403744452984,True,144
structures/rtp/56_axis-z.npy,1551.8,30.1922454596139,6.045126295734989,8.225433596692245,2.552643106587882,5.575106138224525,4.0389707027561395,0.4301711256980049,0.40992796806246495,0.3090472094802555,0.27146544378311543,9.141133448459888,35.02190884421184,4.869592362007601,5.95142695087033,-0.2095537704677766,0.7237302289115842,-1.025113506052085,7.631472307094069,3.743813344044543,-0.05273825130600237,-0.02581087395004088,-0.24912206715149418,10.487154570988116,-0.21993048558780606,0.26832607564914834,-0.03998091271159571,2.559103700069863,-0.09748675707879385,0.015337451372118324,5.625247938371469,-0.33380255141307563,4.09265598746526,True,141
structures/rtp/57_axis-z.npy,1413.9,15.294568930306353,2.534576989543829,2.166330092069239,1.1325471012929884,1.4775354962289664,1.8136168762371527,0.38532649160616156,0.48551709664032555,0.5744206321665652,0.25519932692990543,4.4447991612083575,17.885167115261577,2.6694067476046786,2.4989141705412754,-0.21531258076546517,-0.4349750117757187,-0.6202696639550012,4.0293629602897925,2.166660936511708,-0.357543404434136,-0.014077406115299758,-0.22101983301679168,3.4186986660085266,-0.26637077414870974,-0.048398997729528374,0.003179109992193018,1.1673644250776782,0.006393996215937087,-0.015562332341704966,1.5625219898912617,-0.3620767467899842,1.9415259022763853,True,135
structures/rtp/58_axis-z.npy,1584.6,29.863297320020997,12.136554192007335,8.595904841225288,4.794262262764569,6.4337763772061365,6.660777729449228,0.3064510839869509,0.48202618915813683,0.45203280779563737,0.4808170502755989,12.18440469871352,36.827948155031805,8.265598686379922,7.687963945246493,0.3509290964429479,1.089314980352935,2.296417787659212,16.528254779488087,6.319215581752094,1.6026984533406752,0.21364692590043874,0.9490801585865565,11.757882927144774,0.3267803663853966,0.8967447492136393,0.11457282713358696,4.981586979965386,0.18031691954647544,0.39178818524062786,6.527344145640219,0.11502077756903324,6.866632310229009,True,141
structures/rtp/59_axis-z.npy,1506.7,26.68397277897575,3.7670400188500404,4.589447672853445,2.2885099404559512,3.3474877083511085,3.0035465268555144,0.471154954742684,0.3699436662119546,0.44544693911425093,0.26608484886614436,7.654628114400099,30.677325748642577,4.290947037883245,4.423909506196221,-0.9850021133852894,0.7441184694385954,-1.2100955759233256,6.055033136355886,3.7852006955288693,-1.252315627640866,0.16595984409453757,-0.28694601163068484,7.159179665385757,-1.229192167907732,0.22157336418304296,-0.10559534766946521,2.5923272858654096,-0.13400775956433766,0.1352569737969777,3.87206191129434,-1.3469881173528446,3.5105077956886226,True,140
structures/rtp/5_axis-z.npy,1461.2,16.022319339401122,3.132687918570386,4.630005893459573,1.4816602153135048,2.640392228837559,2.1405261839630425,0.4786800321394397,0.33980119357531485,0.33779937563091006,0.28369738918474824,5.266707138628558,19.12068410257192,3.0413672641505753,3.397023660597345,0.20415867331489812,-1.0622681888880545,-0.8778764332992769,4.3335411362440155,2.4068506757542605,0.05905709426257717,-0.11539038819814545,-0.5554849469772165,6.255655807836716,0.3691832330428765,-0.38544344960884,-0.10246808302407498,1.5370980199828093,-0.295570589069415,-0.127200171404081,2.7954222402801747,0.3371440983282921,2.280830103467248,True,136
structures/rtp/60_axis-z.npy,1594.1,40.18333082440106,12.436911400798843,16.615882030580742,5.008510075644573,8.469262859805058,7.478552229781024,0.41873294376201714,0.37724435950528123,0.25106308326477905,0.410228356772738,16.063529077385972,48.68826382805979,9.940467185811395,11.209159379166612,-1.9127481575648733,-0.49352162663023375,1.3983863637384144,16.924966448931297,7.691360187176328,-3.0741292089293384,-0.03505137986402278,0.5427635707415465,21.276557915173996,-2.1882217321769684,-0.1854551551886728,0.33373762821295844,5.60835968881822,0.22214338430502292,-0.08526239568871212,8.964235206485425,-1.9603536548672873,7.947722472556888,True,143
structures/rtp/61_axis-z.npy,1459.7,18.570303845325085,4.260936793741953,3.377676576115846,1.3226316824080389,2.3274904986398455,2.89074322323039,0.4260226324183968,0.43369042547479003,0.4632062032973282,0.29256632437743896,5.8976035484278,23.941801128186956,3.499193044255442,3.3835335596959073,0.12768065923021246,-2.2972277750369106,1.1681978332137475,5.926442956718458,2.4290040301159483,0.544769303952571,0.13891872172580724,0.20113841064873927,4.5867265828101935,0.2062984569136979,-0.43940793608260714,0.011216569833873861,1.3761163729288293,0.08265909576838923,-0.029299214563683028,2.6418963129161432,0.18344081877102977,2.990409353902182,True,138
structures/rtp/62_axis-z.npy,1621.0,48.490658086805674,18.40517350849776,23.872839287135648,8.39093262607719,11.939000223612666,10.094152299240367,0.39442655221612366,0.3746914197652798,0.29716457852790673,0.441645427826766,22.51187835246075,60.253422885619685,14.151131089309576,16.617022506154992,0.9563873262478174,-0.4362930263658615,-0.0546389995301163,24.721834566102707,12.192383108846812,2.3002020354493946,-0.21591861934203557,1.004439887468849,31.71057431180158,1.272023986987314,-0.8244149750261102,0.19406278351191228,8.6151447178437,0.0398674008373857,-0.13899032100942083,11.996767943717671,0.5961971112512265,10.180433192087893,True,144
structures/rtp/63_axis-z.npy,1530.2,32.303299303024886,8.057967093491808,6.445656648521919,3.068213258405534,4.556041145007975,5.517919862919577,0.40072540433667947,0.42912458834700284,0.45592072217226337,0.3538770919387966,9.982814966034551,37.88333882824653,6.305774803291426,5.582105173201628,-0.19402084774468803,1.8327962374239548,-0.6226320451391778,10.724757047960226,4.45307807058523,-0.1907538793012996,0.24051284928017805,-0.1923233449024312,8.555322723947654,-0.03720009632698745,0.3568759555494485,-0.09579514994861296,3.091355032555691,-0.047154101787538066,0.3311200616663754,4.6671250835440565,-0.3626860142528894,5.587288263831136,True,142
structures/rtp/64_axis-z.npy,1620.0,53.68875072413853,30.58406882141555,24.67658252851948,9.968904803663984,11.850193896448362,14.704198883417291,0.3969900518209404,0.37759336189897097,0.31453920051365397,0.63689288242061,28.552121386380023,69.54805237907614,22.282023287321902,18.59602838575228,3.339682555275961,-0.7324782998257876,0.0032006245834131876,41.4828866564708,15.569641272119698,4.484378820371905,-0.09988452201225141,-0.26087591184740044,33.04276755148546,4.5345728844591955,-0.13644674066628687,-0.13475034489447454,10.755043695704451,-0.15311578422715674,-0.14761243407168148,12.137494636267652,2.0429964781454246,15.051698754411882,True,145
structures/rtp/65_axis-z.npy,1486.8,21.26397827681235,3.5842650229349458,4.3346011043772865,1.9018613360429075,3.346639933886625,2.5369040058779913,0.4348011511058076,0.42893408459164284,0.41943245949361047,0.27470205305878814,6.699017008369257,25.397750847843156,3.7786026739736713,4.365641502792846,-0.8691013228107465,-0.018120463555872178,-1.3082917718363964,5.233202152791751,3.2262153155931435,-0.6270258563100642,0.028339993933681595,-0.2546776985957932,6.919281089969084,-1.3122976694444641,-0.03434000197055382,0.043774878172193644,2.1514616817442684,0.006731342642117921,0.03353319605652064,3.801636262086188,-1.1466104078776618,2.969412194372049,True,138
structures/rtp/66_axis-z.npy,1640.1,46.272110294874786,18.443860419641883,20.85584411459385,9.463831068681312,11.772995878186478,11.310676578470002,0.4007733674852797,0.37846850154578343,0.3525733492221641,0.5276044095903075,22.83548254733539,59.25855715981695,15.52124909046676,16.524234495811246,1.4948552502216914,1.8589711276058503,2.5878643639311503,25.79467378939136,13.277281128765019,1.7112168918104673,0.22514835705483216,1.6624246644758351,29.820582546724108,3.453407276034764,0.408784650011706,0.5425192872167297,9.894822885385162,0.521396441337071,0.30421957668493627,11.909166298341077,0.8306799149682901,11.53799830049945,True,144
structures/rtp/67_axis-z.npy,1641.0,47.15826352664199,15.80360699985897,22.044616469483753,6.79104498549991,12.110634310334852,8.612436691284069,0.3722782775255331,0.411276473050994,0.2622108585785156,0.38065363322811363,20.363446591714524,58.366582321881744,11.770106589650121,15.83539020010106,1.6705846292751674,0.7149256519378715,1.8944023273629473,20.16802528327046,9.986123501444444,1.6266674233367007,-0.12857971477536637,1.1052583213945235,29.553171137887283,2.8957688024910464,0.29290819923439687,-0.04895124257817936,7.105771102672134,0.015034268291364393,-0.18588569268356497,12.304031205498921,1.2541849668807616,8.868558891549798,True,144
structures/rtp/68_axis-z.npy,1661.9,51.60653268820771,27.718608083943536,25.017434498222297,11.036500634714313,13.545634290401534,13.611939185943406,0.3668568860619044,0.40532252784796907,0.36290392563289847,0.5890803287191761,28.50106000829738,67.86349562998242,21.05709651705422,20.123402109366264,1.2885128952183473,-0.993740738565734,-2.629303221307767,38.495506348838234,16.680432485771284,2.7022647141156204,-0.3995881286841796,-1.5348171319062411,34.42867587147221,1.1285849565883737,-0.5577261777367353,-0.36212254103876534,11.234989281939493,-0.2233931571573019,-0.37954914393270456,13.59842621624632,0.7028941278141173,13.78636448780235,True,145
structures/rtp/69_axis-z.npy,1628.5,50.41002950422686,24.70746761207581,22.774489604172448,10.4603840729432,12.451175969023359,12.932426084441893,0.38381429220073654,0.3909465741234859,0.3745937040523435,0.5660504566737873,26.114796479692416,64.87760292857674,19.038313651187377,18.13213621663473,0.9884026394479402,-1.0646447418425826,0.44511267387402575,34.06527660124569,15.204929484107987,1.2726107342177058,-0.15701613574007836,0.43135463458781864,31.339530083549125,1.2782885448957808,-0.7732006947229632,0.0027502485209039834,10.528553721432695,-0.04326762057442619,-0.017551671425555953,12.513291408400654,0.6385845998894306,12.973675314534043,True,145
structures/rtp/6_axis-z.npy,1613.8,38.23267546198969,13.459453478716524,15.078430838366435,6.260943073060619,8.99850929661686,7.758941119878177,0.3711053049663563,0.3929647747308541,0.3254742357001431,0.4373499992458118,15.807204471998912,46.51572797725481,9.88838950896348,10.893148201235968,0.22559218886961513,1.499174355705106,-1.803598710339234,17.93687651613142,8.071622229182076,1.4906149937856563,0.12489868648805727,-1.698075813425147,20.105915875840914,1.2436480636756628,1.7138719140767473,-0.09870144649957999,6.439536004066097,-0.16854240432270465,0.2201915912043792,9.206206237107006,-0.33640465443781303,8.009483225741654,True,143
structures/rtp/70_axis-z.npy,1517.3,23.167713459149113,6.153242676577221,3.9408660711481227,1.8670116399728145,2.725481769143062,4.166573514369752,0.3711092855964022,0.4835681795391547,0.5096640853110674,0.3727904684115476,7.026314157181662,27.09919100638824,4.511513481031642,3.77906075006687,-0.20620402717998412,1.1440500453801576,-0.2860988282920193,8.164226264828697,3.042504884598239,-0.13700869815898364,0.002753016485179307,-0.2741027293438353,5.30725191202451,-0.32734208522677055,0.2254359147728471,0.07393179176561832,1.8897136176352736,0.0580142553822028,0.014271108686682955,2.8015255642649257,-0.25962431021104615,4.210235442503336,True,139
structures/rtp/71_axis-z.npy,1644.3,47.730519682821395,21.313037669236504,25.179554223560242,11.693782255344487,12.506981452202952,12.194774365443475,0.39770378654560584,0.3520835592358049,0.35345191164949663,0.5766692133652005,26.568119796353425,61.81802650241677,18.45941152075337,19.324165806171788,-2.5347355145208375,-0.5973236029755866,-0.05158955058927825,31.85945384427004,16.936244833449408,-4.4874096733098385,-0.4512556071788516,-1.4117400462499299,35.995953499744886,-2.864242607819554,-0.8178283165918087,-0.4389180445119961,12.388853416136854,-0.457910947719579,-0.35516795353734115,12.761322062588247,-1.5818898989734673,12.501789197040214,True,144
structures/rtp/72_axis-z.npy,1465.7,13.242050745758938,2.7535426337577387,2.7827803916575493,1.2400386610315208,1.5871074973093862,1.755126781298173,0.4405938368824662,0.3791423325418203,0.45616753897662526,0.3478191388736341,4.5371515663989905,15.617474541223007,2.908864009278162,2.7606050107350373,0.673790788757695,-0.34575345904083227,0.12023865282284668,4.57668695438661,2.483738852467454,1.006778695435867,0.0029371683801381193,-0.04746104332467705,4.333786857019993,0.7432544268084008,-0.40523614650033585,-0.08612826693991893,1.475726047764049,-0.06129286896580279,-0.00389526974380159,2.0539448266953992,0.9538697063395587,2.2101489857507266,True,134
structures/rtp/73_axis-z.npy,1549.2,25.821967710812167,5.909130716998885,7.191259592990335,2.8420388361448765,4.4177045402786845,4.324340762688956,0.4263783454907431,0.3870553638032565,0.35570845517575267,0.33749584597254945,8.558259298879497,31.125743002033442,4.959127023614376,5.358651306345071,-0.03451221165874336,2.2307865459283245,0.6262401906841272,7.873713454629252,3.9192382161537576,0.06571598943099138,0.08237468620265787,0.7091423047390099,9.550844141026364,0.5416939849091891,0.10216882304386396,0.21947519963739676,2.9041605745662125,0.23846443733903164,0.19392348266897153,4.623896329673848,-0.1591171793780682,4.415562097937686,True,140
structures/rtp/74_axis-z.npy,1371.2,11.429347030694371,2.3854523365875293,2.134436675643243,0.8121541529397752,1.2342909646558897,1.6046819322990944,0.5015222955375424,0.39763793324560737,0.5007107495423211,0.29390825762931444,3.7183528674100126,13.95019195862073,2.46898063148315,2.1675065316684834,0.0764478952703569,-0.3223162644473564,-0.8038907315547841,3.575852473872002,1.779581268335452,0.17792415180036575,0.10831165832223429,0.012039601028495236,3.10699451122321,0.11460941781905348,-0.10836654404579917,-0.04752062792184588,0.8272566777787208,-0.02511772236014684,0.08936447078903349,1.2747477302308137,0.17961113840696885,1.6872114083164773,True,132
structures/rtp/75_axis-z.npy,1648.9,51.38309469187775,26.68997469977196,23.1339927562606,10.581500533871447,12.48835385994149,13.496428884100418,0.3827082687770364,0.3958760192963245,0.3748281830285081,0.5896718656924579,27.26444244174656,66.59736036251552,20.458228854720268,18.611130992781487,1.5769667815963975,0.5822135523329249,0.7179169808227835,37.17402907085995,15.871204368734944,2.7575705123180354,0.44471469187975843,-0.16900974139996883,31.72746410987016,1.8190245620575458,-0.06560049417306411,0.39708359807259513,10.825714092297483,0.433594153558403,0.38048556327716565,12.586111811560128,0.9902185503279402,13.603473878815647,True,145
structures/rtp/76_axis-z.npy,1631.1,48.89023981191542,29.469388481796344,20.208351671452924,8.570950551699315,10.603808953530221,14.115346877799352,0.3847813538008435,0.39944392510621846,0.35976162172187237,0.6620862469564583,24.88754764324621,62.79666771850249,20.064483502667255,15.31886755771388,0.2099236713265709,-0.3994180230347284,0.8939674003679646,38.76586610552436,12.86995399203693,-0.07612241021376995,0.2316306740701318,0.37984073245302546,25.91878486035295,-0.10309571181480219,-0.25234333769938455,0.14478299987301374,8.579023554564614,0.23581296195124926,0.11429467803153458,10.631815691123501,0.41104387890399424,14.146195735857178,True,144
structures/rtp/77_axis-z.npy,1572.6,32.13211595105319,11.572082243645145,13.187242034582956,5.86328309263874,6.043690365961515,5.079738313486292,0.32049752838192747,0.33348427682504544,0.37420543678647084,0.34231391163973424,13.126960955392686,37.9010952310695,7.5244395601854865,8.509748978285883,-0.7185304965110341,1.8451641749210015,-0.438813160882216,15.477401271072837,7.525357386334992,-1.116292320268144,-0.08308062577013307,-0.3956892049899551,17.64506024677912,-0.23517544923957046,0.8140907816243554,0.14216935155476512,5.9601248316652145,0.18631173986981694,-0.08671608456196774,6.291677976436567,-0.761976879292314,5.199175912616811,True,141
structures/rtp/78_axis-z.npy,1430.8,19.47847646595927,3.0863719329151857,2.9871103133849686,1.0860087567241945,1.9641570877075665,2.0564444133810715,0.4227616840952958,0.4434579445610484,0.46711511546002016,0.21768419708050926,5.084881358556242,22.141457499642822,2.7760152790193713,2.717850019331506,0.15624169633977322,-0.0031862092663550814,-0.7652769203870909,4.265739511873817,2.116248721267192,0.0917583392112683,0.015486792225818289,-0.07872025347486092,4.136507176253398,0.10118980722653315,0.0010727307019407816,0.047814189158895244,1.0894545620446305,-0.0020577107034858546,-0.023404616938541564,1.981843432420439,0.19109443802127063,2.107775370452705,True,136
structures/rtp/79_axis-z.npy,1539.6,29.329779127872925,6.972051772045289,6.353939914159661,2.604298294928369,4.478898338674328,4.565770734972383,0.39882555282038856,0.4818002866634468,0.3510135463919873,0.35541606622785565,9.772463342492,34.52244659339847,6.01949758477791,5.926629610496336,1.2546867726295887,-0.12475081687431201,1.1178801846052493,10.746692592731916,4.834816829260621,2.6993989076956715,0.27238178362374155,0.3323224148430376,9.121142847227869,1.9655744138407207,-0.26854974675975357,0.2668687236867809,3.390399782006933,0.2522936960636897,0.2861885564132043,4.9635776606092765,1.4952245588469915,5.065203006268539,True,141
structures/rtp/7_axis-z.npy,1619.0,47.76705663749365,20.90419640922069,18.983255482873943,8.919071566304462,10.294570543304186,11.128897309241252,0.37160280482120756,0.3807780680450138,0.3796148807684557,0.5271562275597771,22.486500574401248,59.70479020287838,15.900162205376558,14.856528068179157,-2.161427627203168,0.3258927623183359,-2.6609449728880072,28.930119086315795,12.903422965572595,-2.774582339224876,0.0516364957085694,-1.876700075112156,26.423369402160457,-3.399033378219535,-0.04523208820444373,-0.4350735220723388,9.432142131008728,-0.45101696915321987,0.11199124154828144,10.525017455266283,-1.5405343873134818,11.545941222411226,True,144
structures/rtp/80_axis-z.npy,1463.1,22.968403108251305,3.1913953960267496,3.054635894269742,2.004313492224561,2.5668063984210274,2.5159100984363607,0.4044197463977507,0.4700825485480789,0.540907686574457,0.2649515847786868,6.4900425714148025,26.32846827622711,3.6868927129396676,3.591587580655678,-0.6889916479950648,0.05820151902374459,0.8426689857458175,5.598941800493899,3.348098067082504,-1.329963309984978,0.04260733522645288,0.1406043285879344,5.22981634465651,-1.1592170312626138,0.052554274926192135,-0.15342247652556576,2.373891894410066,-0.1217729448860278,0.14263603384179055,3.003899008445268,-1.132458216610802,2.9994606636896983,True,138
structures/rtp/81_axis-z.npy,1632.5,58.8134616021985,38.576341871037215,35.3279575196325,13.496120825740682,16.158635625489715,16.902812358341105,0.38554182318317115,0.39072426736946286,0.32313538469308273,0.6602945177891447,38.750443240390524,81.42018122213948,29.98836651875614,28.354509088146845,-2.402875844172399,-0.35550201065577763,-0.0866874455502399,54.07365913715828,23.52829380140092,-3.1476469551885,-0.06704122668636076,-0.0759254969548162,49.51780998760914,-3.646542323377703,-0.091895652593019,0.28057221591833087,13.81574832968301,0.2395177052337962,-0.08325688212534153,16.23488862007385,-1.09535640551324,16.98007264429557,True,146
structures/rtp/82_axis-z.npy,1543.1,32.16257076514265,10.872067755125046,6.296263628955347,3.125237409767703,4.273672602861429,7.024958792905073,0.3945416406311921,0.41988543456371946,0.44188552230140105,0.47084135039986086,10.455258968201356,37.91259097560093,7.307787682093907,5.319602936733801,0.7545856353205216,-1.7863708393360587,0.13850545239310696,14.090566532086436,4.384440483669109,1.245743985010779,0.14921103083751805,-0.0352889627486026,8.070511001131203,0.8914506647178813,-0.6281841739405686,-0.003130312448852101,3.2750683815061685,0.03802672607499334,-0.034204921652703675,4.527602964519052,0.8763591520186753,7.205003455718478,True,142
structures/rtp/83_axis-z.npy,1575.9,33.70445099185063,7.266349434424268,10.179896520264673,3.7333090984398,6.351073779050431,4.921558034365886,0.47064826738755905,0.34228830998826415,0.3010660052077184,0.3297685660292055,11.926955608908381,39.79009584331101,6.595180503721767,8.332709463753698,-2.1185613031079154,0.8429517548997891,-0.05391509877765981,9.749374344102074,5.852529642066553,-1.5632133277674782,-0.06662836462643693,0.3133765555227596,16.24229107367831,-4.066798753846034,-0.14551730141497554,0.34753508379920345,4.784752368201418,0.4581294517757173,-0.01988790601013403,7.115627369989858,-1.9460800852808862,5.473319815498611,True,142
structures/rtp/84_axis-z.npy,1455.9,23.11932596298898,3.80517629308389,4.054565384163565,1.5431496609429385,3.1350689558184355,2.4398748473129026,0.36176137092774585,0.4974600542186576,0.42333353285522257,0.2153672475203548,6.236386719544847,26.398941899202175,3.2255774129791543,3.6729731774024463,0.1235717423439501,0.47385133601067925,0.8081459245401077,5.143195670068187,2.5980846438205534,0.23003459030023382,0.04237246152984478,0.2993891431184682,5.592072438228951,0.30170698497919113,-0.09186088383126086,-0.044809029896928115,1.5623240674640664,0.018807840948124294,0.021774496401399394,3.158605304856855,0.17223908017176576,2.4953918625918967,True,139
structures/rtp/85_axis-z.npy,1520.3,36.39373498656696,9.642371179712486,11.92110443695703,3.9272953167889164,7.631766314698748,5.978480026113645,0.36818138021372104,0.41557324695122033,0.2739306951189671,0.3495951897816202,12.958513450891369,44.509239766418965,7.255403905150246,8.893658327094322,1.147990012895571,1.3486003197859886,-3.394454208962877,12.166297682310956,5.571507870369765,1.2507495242830402,-0.20231413887848534,-1.3085526630305446,16.509943404063744,2.753793015892416,1.0494019982736456,-0.11073409604193003,4.426324126402145,-0.2875530007385684,-0.05548614024161979,8.016736184741166,1.1363228357211475,6.511880909006782,True,143
structures/rtp/86_axis-z.npy,1338.1,59.9577907640587,38.599138463163925,36.96407834037251,14.855357830067696,16.847561881273275,17.21363816052111,0.3829276232858829,0.3850424956701993,0.3421076408973834,0.6592761372073656,40.822012304287696,83.66528452303436,31.20534092844016,30.424486444506552,-2.173922307384373,-1.1292663545778292,-1.145418641165817,55.39911267734168,25.926701268223802,-2.7567241204890274,-0.2516150414315494,-1.223596328575907,53.2206562558722,-3.472942471876805,-1.3094127372236222,-0.3520026983688834,15.109999377845371,-0.03458354339353221,0.05684634310738082,16.933796907619705,-0.8782177307198438,17.29279448558017,True,146
structures/rtp/87_axis-z.npy,1280.1,38.26705846981889,15.060472262837658,20.02372488137517,6.030208600970534,10.045985130630926,8.249746295263174,0.4033163061435231,0.37710649148797354,0.22744936399590798,0.47762062402563377,18.276615505438368,48.61579152411031,11.598650148477244,13.866667031491327,2.57757894629056,1.360385182916713,-1.3346311802030257,19.715918706776854,9.188009132696656,2.8422687299719365,0.4015139679478505,-0.5665560716307266,26.851176692727712,3.7346714618363417,0.3887528672051569,0.3234347305331617,6.725403716889326,0.2598296651472609,0.47483065531206176,10.674149006582162,2.2338088811263153,8.840075081737485,True,143
structures/rtp/88_axis-z.npy,1251.7,38.87083238222189,14.101647639658115,11.14025872553824,5.026324675590028,6.9378708719361635,8.421568117835493,0.35970608664164117,0.417925596500148,0.42216042827528594,0.482243716319241,15.015600737660618,46.55555784516775,10.505837070165734,8.872365413232172,1.29391506861869,1.3052218250188643,0.7863073894670612,20.328827957470793,7.413567781654447,3.2292680137715033,0.39542030166494907,0.754608908079891,14.672480306202303,0.13007433563871335,0.5497532854499261,0.1284982342500703,5.654231525492029,0.19386633101162964,0.5653162768474248,7.150555012482231,1.222592202120848,8.692375659403961,True,143
structures/rtp/89_axis-z.npy,1218.1,34.10726324243122,7.080653381504548,8.084996392962701,3.9662042171234972,6.18220772053623,5.241833908834005,0.4014489267551126,0.4206816996761351,0.41277137414268167,0.32206739954215335,10.878194934201138,39.723236931294295,6.267146558468081,6.868861336396021,0.5179003560187612,0.18569159156360188,1.1404145982215526,9.862646217819535,5.311066332050417,0.6032683420919266,-0.01623068676175269,0.46160390245290034,11.423722804867372,0.891903751449368,-0.2745470579531641,-0.21393847197795787,4.045193274348713,-0.1819526896838065,-0.004901772787910255,6.279887720463957,0.6747261329407427,5.387558012611705,True,142
structures/rtp/8_axis-z.npy,1109.9,15.137500624912242,3.040319085626575,2.3126151513975732,1.2818146562732362,1.6648190392016928,2.0823090387255654,0.3781222555512688,0.505722632141042,0.5825359802825727,0.2982728917288547,4.631908109313169,17.659479986928222,2.9471958184072164,2.5922688469114816,0.03383244561933061,0.029872632430686358,-0.49938005174497146,4.733585399206512,2.309008147297481,-0.3418862583162345,-0.04215819894728936,-0.38408018918294495,3.597161972451431,-0.3205371248844585,-0.12979978059746344,0.13429091560132622,1.3338995208922844,0.09554794888668468,-0.13047602871655392,1.6879714404473516,-0.17940499869909782,2.194137771440704,True,135
structures/rtp/90_axis-z.npy,1176.0,22.00958516129533,4.278037221716208,5.507564661261476,1.8259110511086372,4.2573114264459,2.3884198204502365,0.3565625747502631,0.4847812685769648,0.3411959080260289,0.24511158263379718,7.389498139147893,27.94474332864801,3.784492278622127,5.292261809713773,-0.8555502678122459,-0.5727298965581763,-2.3374110355607938,5.719746765668816,3.2336817884777007,-0.6707343327800669,0.41374873566791415,-0.4864465569822429,8.220121404387012,-1.3818224992154098,-0.06765308611463089,-0.37521147658383946,2.1306020039023856,-0.4389478862386564,0.447153272235543,4.940704221347948,-1.2396811456029897,2.960978685850852,True,139
structures/rtp/91_axis-z.npy,1206.2,50.071651553290536,23.91588043464334,28.977007860898482,11.705764256575595,13.84684220116038,13.175499743419257,0.40042478858953034,0.36071664547762106,0.3299489601775586,0.5914958972569462,29.60623424391359,66.75104811973894,20.75949704232431,22.52793576786717,3.0987955043881605,0.776308387389089,1.6296506630457948,34.70722343042356,18.52856366139542,3.770499665643448,-0.22977562537238164,0.8786100895191347,41.36584370188601,3.1389417455752087,0.3410983375075011,1.0166355716087787,12.20415843565022,0.7048304390465414,-0.12253644307686976,14.300975391692884,2.3061108356845743,13.601906885387018,True,145
structures/rtp/92_axis-z.npy,1173.2,41.25387158711717,15.50589924448738,13.00645093245635,5.697089312396227,7.537576702049053,9.145223093285734,0.39663970447562824,0.38155119081006544,0.40227221045138645,0.4856751009986247,16.338055263160456,49.63330344303139,11.513415409669369,9.83435356439396,0.7879351473149728,-0.37532503548811985,-0.686155194352087,20.99408097826621,8.356290472028359,1.62379485527152,0.29518505482528506,-0.028361809732397218,17.00699405496312,0.2758612347508802,-0.21394962536830173,-0.34617032645718454,5.852395940649265,-0.2780053091596518,0.22849975548089027,7.6428860227476605,0.8181746491219196,9.256940235329681,True,143
structures/rtp/93_axis-z.npy,1101.0,19.43878247260608,2.2061988930590086,3.2883878300348357,1.3899367791897514,2.5600424116121956,1.4623685845540835,0.47149449479454086,0.3965957993706457,0.4304367477170839,0.19576645744784898,5.647938269821904,22.613085700823646,2.76702160377594,3.598999290692028,-0.6851061104507168,0.2540024689205542,0.8215042814770006,3.58699023250007,2.8430358577075205,-0.6560948171340181,-0.18745529718410014,0.18075328056345544,6.213254990722449,-1.4683779424991008,0.07757790689121907,-0.007874769795769464,1.7512815136983904,0.08246212082180096,-0.14805261292755356,3.33139422374198,-1.1951541721122432,1.9425968312809865,True,137
structures/rtp/94_axis-z.npy,1068.4,18.58707601512221,2.894588117654194,2.6711685327798276,1.2895736330990764,1.8675086535633583,2.4361812804553575,0.49944475047062636,0.3956404437151157,0.527967521108174,0.2694440605131203,5.071324288048435,21.211657352887137,3.0619888930891315,2.7127091632576867,-0.11359482530728258,0.10692333087770543,-0.08649910999876893,4.367152802097352,2.2840359484167276,0.13871020364819212,-0.10570291620775138,-0.10342979630133159,3.9456404279243364,-0.05394278481217956,0.057812070730855813,-0.037895913381233354,1.3058433860769605,-0.06689949626873673,-0.08719389858932712,1.879027679090355,-0.037480135827450654,2.445160183387442,True,137
structures/rtp/95_axis-z.npy,1121.7,56.093407132284334,33.960303019423954,29.604715950208906,11.596383015765557,14.267034427462926,15.64469920859123,0.3855850241499974,0.384922773710906,0.3396552753746116,0.6295184183912947,32.77088070090614,75.01984988292534,25.19439169564549,22.839315093369965,-0.07557415674316832,2.7001636381349448,1.2599413406074533,46.25033700800802,18.793686795008426,0.40197709639595036,0.602140067900642,0.8128423122356591,40.012952249174184,-1.1872991285637866,1.435195187099158,0.3600658563176541,11.672295746718225,0.2544702911956247,0.38925171291355115,14.39061037422253,0.07712014552421187,15.683021816838998,True,145
structures/rtp/96_axis-z.npy,1113.7,54.529408748967796,28.500235736390923,31.426965205551955,12.76272194015801,15.321064513541394,14.374890652300055,0.38724546972132834,0.382009410261384,0.34545124278227834,0.5802752909360746,33.02825152070419,73.32832840596592,23.578327895960904,25.140875407721374,1.0510130194325358,-0.9036065542512509,-0.024937882980248294,40.45312929826139,20.60651145666704,1.0777085437904808,-0.3879826624297261,-0.398202170426944,44.821376461411745,0.7304135179141593,-0.4638436589811872,0.0317181800666874,12.805615108023733,0.1507837361194954,-0.36227449418217383,15.381865971421428,0.8174340656487207,14.43434801000651,True,145
structures/rtp/97_axis-z.npy,1090.6,52.523889851581295,41.2259894492762,23.073588995188665,10.016061788388017,11.359784703912968,17.379061925356556,0.38002338406684655,0.3903697481707163,0.3618544432241791,0.8225192070127954,30.887556282919743,69.873547333898,27.404105218688386,17.770177761542172,-1.5657311017327173,-0.4947074070805554,0.1597826208411001,55.46437293429019,16.251244118492888,-2.0369348052082916,-0.564351466990338,-0.406837530967745,29.79903208064259,-2.339640410712886,0.1711359797957559,-0.22095721458971299,10.227747943714597,-0.20290280411408182,-0.41590910495418437,11.41634352184435,-0.8268065051721574,17.465965925439015,True,145
structures/rtp/98_axis-z.npy,1064.2,27.05624880570416,9.133973938880853,5.24699056741382,2.607641793658254,3.3263509316474016,6.479727971559267,0.43866179543000827,0.3801765063737195,0.46580602107376834,0.49723424294979673,9.127053313389865,33.21646700055828,6.710167230630079,4.5804744300722815,0.38038972840476815,2.395186490251032,-0.2499648517795747,11.961767391762288,3.8011595156886218,0.6061020300223259,0.01575032441515636,-0.32626940185111414,6.781643075406259,0.6532410493879077,0.57288014999482,0.0421791330542889,2.6938666314979596,-0.10294431985723518,0.24181586491401194,3.5903915167951763,0.49020989116347563,6.589919949750311,True,140
structures/rtp/99_axis-z.npy,1021.2,20.646234499812117,3.947243543643669,6.655668715819807,2.046124048442753,3.9005914734534253,3.309726795944391,0.5711699740800972,0.3105953727576529,0.3021176931753171,0.3270133752811816,6.899837358755834,24.51576543549339,4.075082686481437,4.517702354614413,-0.1543310873086569,-0.7293722808751805,0.4564454840371656,5.41193822161835,3.139701990346906,-0.3406371678163874,-0.0665447806500328,0.3352799210149781,8.705858508805248,-0.02639078014273865,-0.06353315255656637,0.21924318577499277,2.112152766109775,0.39860273150998865,-0.08798635334247454,4.007475769136542,-0.19509508916202672,3.34218832940311,True,138
structures/rtp/9_axis-z.npy,1020.9,20.110500851985524,6.92276520987998,4.477413412887833,1.7868784123049035,2.1688395918768113,3.036560582523057,0.3179186202535584,0.4086295283391811,0.44490675749757064,0.3242386244866869,6.307893135252899,22.681918550007314,3.8887035249723594,3.203658328316701,-0.06003410645956116,-0.1952901674649313,-0.19898509457050698,8.6302447368805,2.83305470174532,-0.155155256198162,0.13781628715090743,-0.037679275830587035,5.60804182031951,-0.14341283712888706,-0.1752746892242749,-0.023162003036003877,1.7954737332767978,-0.06107939501218092,0.08264149233980427,2.18832446037096,-0.10206750826269148,3.046743094699935,True,138
